pred,ref,image_path
Il formaggio ha un profumo di latte e brodo.,Il formaggio ha un profumo poco intenso.,data/data/images_flat/2020-2021_Trentingrana__VI bimestre__29°Seduta_07-04-2021__P5_TN_326_555_A_FETTA.bmp
"Il formaggio ha un profumo di moderata intensità con panna e cotto, note di frutta secca e vegetali di brodo.",Il formaggio ha un profumo leggero.,data/data/images_flat/2020-2021_Trentingrana__VI bimestre__29°Seduta_07-04-2021__P3_TN_307_759_A_FETTA.bmp
"Il formaggio ha un profumo di brodo vegetale, latte e burro.",Il formaggio ha un profumo poco intenso.,data/data/images_flat/2020-2021_Trentingrana__VI bimestre__29°Seduta_07-04-2021__P3_TN_307_759_A_FETTA.bmp
"Il formaggio ha un profumo intenso di grana con tostatura, note floreali e miele.",Il formaggio ha un profumo poco intenso.,data/data/images_flat/2020-2021_Trentingrana__VI bimestre__29°Seduta_07-04-2021__P2_TN_304_963_A_FETTA.bmp
Il formaggio ha un profumo vegetale balsamico.,Il formaggio ha un profumo di liquirizia.,data/data/images_flat/2020-2021_Trentingrana__III bimestre__16°Seduta_18-12-2020__P4_TN323_813_FETTA_A.bmp
Il formaggio ha un profumo di fieno greco.,Il formaggio ha un profumo leggero.,data/data/images_flat/2020-2021_Trentingrana__III bimestre__14°Seduta_09-12-2020__P6_TN_330_435_FETTA_B.bmp
Il formaggio ha un profumo di radici fresche.,Il formaggio ha un profumo di alcol.,data/data/images_flat/2020-2021_Trentingrana__III bimestre__14°Seduta_09-12-2020__P6_TN_330_435_FETTA_B.bmp
Il formaggio ha un profumo con leggero sentore di alcol.,Il formaggio ha un profumo di alcol.,data/data/images_flat/2020-2021_Trentingrana__III bimestre__11°Seduta_19-11-2020__P4_TN319_793b_fetta.bmp
Il formaggio ha un profumo di latte.,Il formaggio ha un profumo di latte cotto con nota di formaggio non trentingrana.,data/data/images_flat/2020-2021_Trentingrana__III bimestre__12°Seduta_25-11-2020___P5_TN328_182_FETTA_B.bmp
Il formaggio ha un profumo da formaggio fresco.,"Il formaggio ha un profumo di stalla all'apertura, che tende a calare.",data/data/images_flat/2020-2021_Trentingrana__IV bimestre__21°Seduta_10-02-2021__P5_TN323_892_FETTA_B.bmp
"Il formaggio ha un profumo intenso, quasi pungente, con note di frutta fermentata e note lattiche.","Il formaggio ha un profumo di sedano e vegetale cotto, molto intenso.",data/data/images_flat/2020-2021_Trentingrana__IV bimestre__21°Seduta_10-02-2021__P6_TN338_211_FETTA_B.bmp
"Il formaggio ha un profumo di latte cotto, burro fuso, brodo di carne, con sentori leggeri di tostato e fruttato.",Il formaggio ha un profumo intenso di mela e pesca.,data/data/images_flat/2020-2021_Trentingrana__IV bimestre__21°Seduta_10-02-2021__P6_TN338_211_FETTA_B.bmp
Il formaggio ha un profumo di frutta secca a intensità moderata e note di fieno fermentato intense.,Il formaggio ha un profumo molto complesso.,data/data/images_flat/2020-2021_Trentingrana__IV bimestre__21°Seduta_10-02-2021__P2_TN306_938_FETTA_A.bmp
"Il formaggio ha un profumo di stalla, marcio e fermentato.",Il formaggio ha un profumo animale più che di stalla.,data/data/images_flat/2020-2021_Trentingrana__IV bimestre__17°Seduta_13-01-2021__P2_TN304_917_FETTA_B.bmp
Il formaggio ha un profumo con note animali a bassa intensità e latte cotto con siero acido a alta intensità.,Il formaggio ha un profumo di vaniglia.,data/data/images_flat/2020-2021_Trentingrana__IV bimestre__17°Seduta_13-01-2021__P2_TN304_917_FETTA_B.bmp
Il formaggio ha un profumo di latte e brodo vegetale.,Il formaggio ha un profumo pungente da fermentato.,data/data/images_flat/2020-2021_Trentingrana__I bimestre__16-09-2020_3° Seduta__P1a_TN304_Fetta.bmp
Il formaggio ha un profumo molto pannosetto e piacevole.,Il formaggio ha un profumo aggressivo.,data/data/images_flat/2020-2021_Trentingrana__I bimestre__16-09-2020_3° Seduta__P1a_TN304_Fetta.bmp
Il formaggio ha un profumo di burro fuso.,Il formaggio ha un profumo intenso.,data/data/images_flat/2020-2021_Trentingrana__I bimestre__16-09-2020_3° Seduta__P5a_TN323_Fetta.bmp
"Il formaggio ha un profumo di intensità discreta con note animali all'apertura, latte cotto, burro sciolto e tostato.",Il formaggio ha un profumo con sentore di legno.,data/data/images_flat/2020-2021_Trentingrana__I bimestre__16-09-2020_3° Seduta__P5a_TN323_Fetta.bmp
"Il formaggio ha un profumo di siero, latte cotto, brodo e leggera nota di crosta di formaggio.",Il formaggio ha un profumo di intensità moderata.,data/data/images_flat/2020-2021_Trentingrana__I bimestre__23-09-2020_4° Seduta__P3b_TN307_Fetta.bmp
Il formaggio ha un profumo leggero con nota fecale.,Il formaggio ha un profumo di alcol.,data/data/images_flat/2020-2021_Trentingrana__I bimestre__23-09-2020_4° Seduta__P3b_TN307_Fetta.bmp
Il formaggio ha un profumo di formaggio fritto e crosta di formaggio.,Il formaggio ha un profumo con leggerissima nota tormentata.,data/data/images_flat/2020-2021_Trentingrana__I bimestre__23-09-2020_4° Seduta__P3b_TN307_Fetta.bmp
Il formaggio ha un profumo di yogurt alla frutta con sentore acido.,Il formaggio ha un profumo di moderata intensità.,data/data/images_flat/2020-2021_Trentingrana__II bimestre__09-10-2020_6°Seduta__P4B_TN316_278 FETTA.bmp
Il formaggio ha un profumo leggermente di panna.,Il formaggio ha un profumo con sentore di nostrano.,data/data/images_flat/2020-2021_Trentingrana__II bimestre__10°Seduta_04-11-2020__P2A_TN306_735_fetta.bmp
Il formaggio ha un profumo abbastanza complesso con intensità limitata.,Il formaggio ha un profumo di liquirizia.,data/data/images_flat/2020-2021_Trentingrana__II bimestre__10°Seduta_04-11-2020__P3A_TN307_553_fetta.bmp
Il formaggio ha un profumo fermentato.,Il formaggio ha un profumo di intensità moderata.,data/data/images_flat/2020-2021_Trentingrana__II bimestre__28-10-2020_9°Seduta__P1A_TN302_527_FETTA.bmp
Il formaggio ha un profumo di grana con tostatura e note floreali.,Il formaggio ha un profumo intenso e molto equilibrato.,data/data/images_flat/2020-2021_Trentingrana__II bimestre__28-10-2020_9°Seduta__P1A_TN302_527_FETTA.bmp
Il formaggio ha un profumo intenso.,Il formaggio ha un profumo con prevalenza di crosta.,data/data/images_flat/2020-2021_Trentingrana__II bimestre__21-10-2020_8°Seduta__P1B_TN302_546_FETTA.bmp
Il formaggio ha un profumo di crosta.,Il formaggio ha un profumo pungente.,data/data/images_flat/2020-2021_Trentingrana__II bimestre__21-10-2020_8°Seduta__P1B_TN302_546_FETTA.bmp
"Il formaggio ha un profumo equilibrato di latte cotto, burro fuso, fieno e brodo.",Il formaggio ha un profumo di polvere.,data/data/images_flat/2020-2021_Trentingrana__II bimestre__21-10-2020_8°Seduta__P1B_TN302_546_FETTA.bmp
"Il formaggio ha un profumo vegetale all'apertura, poi leggermente più delicato.",Il formaggio ha un profumo con prevalenza di crosta.,data/data/images_flat/2020-2021_Trentingrana__II bimestre__21-10-2020_8°Seduta__P1A_TN302_546_FETTA.bmp
Il formaggio ha un profumo di paglia.,Il formaggio ha un profumo pungente.,data/data/images_flat/2020-2021_Trentingrana__II bimestre__21-10-2020_8°Seduta__P1A_TN302_546_FETTA.bmp
Il formaggio ha un profumo di latte cotto con note mature e fieno.,Il formaggio ha un profumo di polvere.,data/data/images_flat/2020-2021_Trentingrana__II bimestre__21-10-2020_8°Seduta__P1A_TN302_546_FETTA.bmp
Il formaggio ha un profumo di frutta e burro con una leggera nota ossidato.,Il formaggio ha un profumo di leggera fermentazione.,data/data/images_flat/2020-2021_Trentingrana__II bimestre__21-10-2020_8°Seduta__P6B_TN330_165FETTA.bmp
Il formaggio ha un profumo di cavolfiore e verdura di minestrone.,"Il formaggio ha un profumo di stalla all'apertura, poi complesso.",data/data/images_flat/2020-2021_Trentingrana__II bimestre__21-10-2020_8°Seduta__P5A_TN328_354FETTA.bmp
Il formaggio ha un profumo di frutta fermentata.,Il formaggio ha un profumo di nocciola.,data/data/images_flat/2020-2021_Trentingrana__II bimestre__21-10-2020_8°Seduta__P4A_TN323_443FETTA.bmp
Il formaggio ha un profumo fruttato.,"Il formaggio ha un profumo poco intenso, monotono, di brodo di carne.",data/data/images_flat/2018-2019_Trentingrana__2019-01-16__P4a_319_fetta.bmp
Il formaggio ha un profumo di fieno.,"Il formaggio ha un profumo di vegetale cotto, burro, panna e tostato leggero.",data/data/images_flat/2018-2019_Trentingrana__2019-01-16__P4a_319_fetta.bmp
Il formaggio ha un profumo di latte cotto e panna.,Il formaggio ha un profumo di panna.,data/data/images_flat/2018-2019_Trentingrana__2019-01-16__P4a_319_fetta.bmp
Il formaggio ha un profumo leggero di stalla e crosta.,"Il formaggio ha un profumo di latte cotto, burro sciolto e frutta secca, buona intensità.",data/data/images_flat/2018-2019_Trentingrana__2019-01-16__P4a_319_fetta.bmp
Il formaggio ha un profumo di latte cotto e panna cotta con intensità medio-alta.,Il formaggio ha un profumo di latte cotto intenso con note di cacao non zuccherato.,data/data/images_flat/2018-2019_Trentingrana__2019-01-16__P4a_319_fetta.bmp
"Il formaggio ha un profumo chiuso di verdura cotta, non del tutto positivo.",Il formaggio ha un profumo chiuso con leggermente ammoniaca.,data/data/images_flat/2018-2019_Trentingrana__2019-01-16__P4a_319_fetta.bmp
"Il formaggio ha un profumo fruttato e vanigliato all'apertura, con note di panna e lattico fresco alla rottura dei pezzi.",Il formaggio ha un profumo di panna e burro.,data/data/images_flat/2018-2019_Trentingrana__2019-01-16__P4a_319_fetta.bmp
Il formaggio ha un profumo dolce.,Il formaggio ha un profumo di formaggio fritto.,data/data/images_flat/2018-2019_Trentingrana__2019-01-16__P4a_319_fetta.bmp
"Il formaggio ha un profumo con note pungenti, di tela bagnata e acqua ristagnante.","Il formaggio ha un profumo intenso ma poco caratteristico, leggermente stantio e chiuso.",data/data/images_flat/2018-2019_Trentingrana__2019-01-16__P3a_316_fetta.bmp
Il formaggio ha un profumo poco marcato con leggero sentore di cotto.,"Il formaggio ha un profumo di panna e burro cotto, leggero e tostato.",data/data/images_flat/2018-2019_Trentingrana__2019-01-16__P3a_316_fetta.bmp
"Il formaggio ha un profumo animale e di stalla, intensità alta.",Il formaggio ha un profumo di brodo di carne e burro fuso.,data/data/images_flat/2018-2019_Trentingrana__2019-01-16__P3a_316_fetta.bmp
Il formaggio ha un profumo leggermente di stalla.,"Il formaggio ha un profumo leggermente di stracci sporchi all'inizio, poi di panna vegetale.",data/data/images_flat/2018-2019_Trentingrana__2019-01-16__P3a_316_fetta.bmp
"Il formaggio ha un profumo equilibrato di latte cotto, burro fuso, fieno e brodo.",Il formaggio ha un profumo di cavolfiore con sentore stantio.,data/data/images_flat/2018-2019_Trentingrana__2019-01-16__P3a_316_fetta.bmp
Il formaggio ha un profumo leggermente propionico.,Il formaggio ha un profumo di cotto e tostato.,data/data/images_flat/2018-2019_Trentingrana__2019-01-16__P3a_316_fetta.bmp
Il formaggio ha un profumo leggermente cotto.,"Il formaggio ha un profumo di intensità moderata con sentori lattei, burro e panna leggermente presente, note di tostato da crosta.",data/data/images_flat/2018-2019_Trentingrana__2019-01-16__P3a_316_fetta.bmp
Il formaggio ha un profumo leggero.,"Il formaggio ha un profumo all'apertura pungente quasi ammoniacale, seguito da note tostate decise e speziate, latte cotto quasi bruciato, cacao amaro e caffé.",data/data/images_flat/2018-2019_Trentingrana__2019-01-16__P3a_316_fetta.bmp
Il formaggio ha un profumo di nocciola e kiwi.,Il formaggio ha un profumo chiuso.,data/data/images_flat/2018-2019_Trentingrana__2019-01-16__P3a_316_fetta.bmp
Il formaggio ha un profumo di frutta matura.,Il formaggio ha un profumo di burro.,data/data/images_flat/2018-2019_Trentingrana__2019-01-16__P3a_316_fetta.bmp
Il formaggio ha un profumo di latte fermentato leggero in alcuni pezzi alla rottura.,Il formaggio ha un profumo di latte crudo con note fruttate.,data/data/images_flat/2018-2019_Trentingrana__2019-01-16__P3a_316_fetta.bmp
Il formaggio ha un profumo leggermente stantio all'apertura.,"Il formaggio ha un profumo mediamente intenso di panna, burro fuso e brodo.",data/data/images_flat/2018-2019_Trentingrana__2019-01-16__P2b_313_fetta.bmp
Il formaggio ha un profumo molto intenso di grana con leggera tostatura e note floreali.,"Il formaggio ha un profumo di panna prevalente, seguito da note di vegetale secco e tostato.",data/data/images_flat/2018-2019_Trentingrana__2019-01-16__P2b_313_fetta.bmp
Il formaggio ha un profumo di brodo di carne.,Il formaggio ha un profumo di burro e latte con leggero sentore di formaggio cotto.,data/data/images_flat/2018-2019_Trentingrana__2019-01-16__P2b_313_fetta.bmp
Il formaggio ha un profumo leggermente propionico.,Il formaggio ha un profumo vegetale.,data/data/images_flat/2018-2019_Trentingrana__2019-01-16__P2b_313_fetta.bmp
Il formaggio ha un profumo cotto.,Il formaggio ha un profumo molto debole.,data/data/images_flat/2018-2019_Trentingrana__2019-01-16__P2b_313_fetta.bmp
Il formaggio ha un profumo molto intenso di grana con piccole note di formaggio fuso.,"Il formaggio ha un profumo leggero e poco complesso con poche note fresche, prevalentemente di cotto, crosta e tostato.",data/data/images_flat/2018-2019_Trentingrana__2019-01-16__P2b_313_fetta.bmp
Il formaggio ha un profumo di crosta e di latte cotto.,Il formaggio ha un profumo molto intenso e positivo.,data/data/images_flat/2018-2019_Trentingrana__2019-01-16__P2b_313_fetta.bmp
"Il formaggio ha un profumo intenso, complesso e equilibrato, con note di latte cotto e burro cotto, lievissima nota di bruciato e sentore di salvia.",Il formaggio ha un profumo di panna e brodo vegetale.,data/data/images_flat/2018-2019_Trentingrana__2019-01-16__P2b_313_fetta.bmp
Il formaggio ha un profumo con nota leggera di stalla.,Il formaggio ha un profumo di latte cotto e fieno.,data/data/images_flat/2018-2019_Trentingrana__2019-01-16__P2b_313_fetta.bmp
Il formaggio ha un profumo con nota dolce.,"Il formaggio ha un profumo poco pulito con note pungenti, sentori di pozzo e acqua stagnante.",data/data/images_flat/2018-2019_Trentingrana__2018-10-03__P6b_330_fetta.bmp
Il formaggio ha un profumo di latte cotto leggero.,Il formaggio ha un profumo impercettibile.,data/data/images_flat/2018-2019_Trentingrana__2018-10-03__P6b_330_fetta.bmp
Il formaggio ha un profumo delicato e positivo.,Il formaggio ha un profumo di latte acidino.,data/data/images_flat/2018-2019_Trentingrana__2018-10-03__P6b_330_fetta.bmp
Il formaggio ha un profumo stagnante all'apertura.,Il formaggio ha un profumo intenso di grana e formaggio fuso.,data/data/images_flat/2018-2019_Trentingrana__2018-10-03__P6b_330_fetta.bmp
Il formaggio ha un profumo poco intenso.,Il formaggio ha un profumo fermentato con note animali.,data/data/images_flat/2018-2019_Trentingrana__2018-10-03__P6b_330_fetta.bmp
"Il formaggio ha un profumo iniziale tostato, seguito da panna cotta e burro fuso.","Il formaggio ha un profumo di stalla e nota fecale al primo olfatto, poi dissolve; complesso poco sviluppato e maturo.",data/data/images_flat/2018-2019_Trentingrana__2018-10-03__P6b_330_fetta.bmp
Il formaggio ha un profumo di liquirizia.,"Il formaggio ha un profumo di burro fuso e brodo, note leggere di emmental.",data/data/images_flat/2018-2019_Trentingrana__2018-10-03__P6b_330_fetta.bmp
Il formaggio ha un profumo ossidato e di formaggio vecchio.,Il formaggio ha un profumo non molto intenso con nota fruttata.,data/data/images_flat/2018-2019_Trentingrana__2018-10-03__P2b_305_fetta.bmp
Il formaggio ha un profumo di paglia e lettiera con difetti.,Il formaggio ha un profumo di verdura lessa.,data/data/images_flat/2018-2019_Trentingrana__2018-10-03__P2b_305_fetta.bmp
Il formaggio ha un profumo di insilato.,Il formaggio ha un profumo di burro fuso.,data/data/images_flat/2018-2019_Trentingrana__2018-10-03__P2b_305_fetta.bmp
Il formaggio ha un profumo di brodo.,Il formaggio ha un profumo di ananas leggero.,data/data/images_flat/2018-2019_Trentingrana__2018-10-03__P2b_305_fetta.bmp
Il formaggio ha un profumo intenso di panna e latte.,Il formaggio ha un profumo di mela con note di tostatura.,data/data/images_flat/2018-2019_Trentingrana__2018-10-03__P2b_305_fetta.bmp
Il formaggio ha un profumo di pasta cotta.,Il formaggio ha un profumo lieve.,data/data/images_flat/2018-2019_Trentingrana__2018-10-03__P2b_305_fetta.bmp
"Il formaggio ha un profumo di grana, nocciola e tostatura.",Il formaggio ha un profumo con note di rancido.,data/data/images_flat/2018-2019_Trentingrana__2018-10-03__P2b_305_fetta.bmp
"Il formaggio ha un profumo caratteristico e abbastanza complesso, con note di latte cotto e burro cotto, brodo e lievissima nota ossidata.",Il formaggio ha un profumo non molto intenso con nota fruttata.,data/data/images_flat/2018-2019_Trentingrana__2018-10-03__P2a_305_fetta.bmp
Il formaggio ha un profumo di yogurt alla frutta.,Il formaggio ha un profumo di verdura lessa.,data/data/images_flat/2018-2019_Trentingrana__2018-10-03__P2a_305_fetta.bmp
"Il formaggio ha un profumo di latte cotto, pane, tostato e frutta secca con poca panna e burro fuso, buona intensità.",Il formaggio ha un profumo di burro fuso.,data/data/images_flat/2018-2019_Trentingrana__2018-10-03__P2a_305_fetta.bmp
"Il formaggio ha un profumo prevalentemente di brodo vegetale, panna, burro e verdure cotte.",Il formaggio ha un profumo di ananas leggero.,data/data/images_flat/2018-2019_Trentingrana__2018-10-03__P2a_305_fetta.bmp
Il formaggio ha un profumo leggero di formaggio cotto.,Il formaggio ha un profumo di mela con note di tostatura.,data/data/images_flat/2018-2019_Trentingrana__2018-10-03__P2a_305_fetta.bmp
Il formaggio ha un profumo animale.,Il formaggio ha un profumo lieve.,data/data/images_flat/2018-2019_Trentingrana__2018-10-03__P2a_305_fetta.bmp
Il formaggio ha un profumo di panna.,Il formaggio ha un profumo con note di rancido.,data/data/images_flat/2018-2019_Trentingrana__2018-10-03__P2a_305_fetta.bmp
Il formaggio ha un profumo vegetale balsamico.,Il formaggio ha un profumo di cotto e ossidato.,data/data/images_flat/2018-2019_Trentingrana__2019-02-06__P3b_306_fetta.bmp
Il formaggio ha un profumo vegetale e acre.,Il formaggio ha un profumo di burro e panna.,data/data/images_flat/2018-2019_Trentingrana__2019-02-06__P3b_306_fetta.bmp
Il formaggio ha un profumo di latte cotto e cipolla.,Il formaggio ha un profumo di panna e yogurt.,data/data/images_flat/2018-2019_Trentingrana__2019-02-06__P3b_306_fetta.bmp
Il formaggio ha un profumo poco intenso e poco complesso.,Il formaggio ha un profumo di panna e burro.,data/data/images_flat/2018-2019_Trentingrana__2019-02-06__P3b_306_fetta.bmp
Il formaggio ha un profumo pronunciato di latte cotto.,Il formaggio ha un profumo di latte crudo delicato.,data/data/images_flat/2018-2019_Trentingrana__2019-02-06__P3b_306_fetta.bmp
Il formaggio ha un profumo di crosta.,"Il formaggio ha un profumo di latte cotto, burro fuso, brodo di carne, con sentori leggeri di tostato e fruttato.",data/data/images_flat/2018-2019_Trentingrana__2019-02-06__P3b_306_fetta.bmp
Il formaggio ha un profumo di latte e burro fuso.,"Il formaggio ha un profumo di burro fuso e stantio, entrambi di intensità elevata.",data/data/images_flat/2018-2019_Trentingrana__2019-02-06__P3b_306_fetta.bmp
Il formaggio ha un profumo di burro fuso con intensità medio-alta.,"Il formaggio ha un profumo intenso vegetale all'apertura, seguito da verdure cotte, crosta di grana e formaggio cotto.",data/data/images_flat/2018-2019_Trentingrana__2019-02-06__P3b_306_fetta.bmp
Il formaggio ha un profumo vegetale con note di cotto e bruciato.,Il formaggio ha un profumo leggerissimo.,data/data/images_flat/2018-2019_Trentingrana__2019-02-06__P3b_306_fetta.bmp
Il formaggio ha un profumo di caramello.,"Il formaggio ha un profumo intenso di grana, floreale e frutta.",data/data/images_flat/2018-2019_Trentingrana__2019-02-06__P3b_306_fetta.bmp
Il formaggio ha un profumo con sentore di fermentato.,"Il formaggio ha un profumo di formaggio fritto, latte e burro.",data/data/images_flat/2018-2019_Trentingrana__2019-02-06__P3b_306_fetta.bmp
Il formaggio ha un profumo di formaggio maturo.,Il formaggio ha un profumo forte di latte e panna con fieno.,data/data/images_flat/2018-2019_Trentingrana__2019-03-06__P5a_319_fetta.bmp
Il formaggio ha un profumo di brodo vegetale.,Il formaggio ha un profumo di latte cotto e brodo vegetale.,data/data/images_flat/2018-2019_Trentingrana__2019-03-06__P5a_319_fetta.bmp
Il formaggio ha un profumo leggero di cotto.,Il formaggio ha un profumo di intensità media con note lattee tendenti al cotto e alla maturazione.,data/data/images_flat/2018-2019_Trentingrana__2019-03-06__P5a_319_fetta.bmp
"Il formaggio ha un profumo lattico dominante di burro cotto e burro sciolto, poco intenso, con nota di brodo.",Il formaggio ha un profumo acido.,data/data/images_flat/2018-2019_Trentingrana__2019-03-06__P5a_319_fetta.bmp
Il formaggio ha un profumo intenso fruttato con note di nocciola e latte.,Il formaggio ha un profumo di crosta di formaggio.,data/data/images_flat/2018-2019_Trentingrana__2019-03-06__P5a_319_fetta.bmp
"Il formaggio ha un profumo leggero di pane, latte fresco e burro, poco intenso.","Il formaggio ha un profumo di burro fuso e formaggio cotto, leggermente ossidato.",data/data/images_flat/2018-2019_Trentingrana__2019-03-06__P5a_319_fetta.bmp
"Il formaggio ha un profumo di note vegetali lesse, cipolla passata e latte cotto.","Il formaggio ha un profumo all'apertura pungente e fermentato, seguito da note di crosta di formaggio, cotti intensi fino a caffè.",data/data/images_flat/2018-2019_Trentingrana__2019-03-06__P5a_319_fetta.bmp
Il formaggio ha un profumo di caramello all'apertura.,"Il formaggio ha un profumo intenso con note floreali, kiwi e panna.",data/data/images_flat/2018-2019_Trentingrana__2019-03-06__P5a_319_fetta.bmp
"Il formaggio ha un profumo fresco all'apertura, più stagionato spezzando i pezzi.",Il formaggio ha un profumo animale.,data/data/images_flat/2018-2019_Trentingrana__2019-03-06__P5a_319_fetta.bmp
Il formaggio ha un profumo di tostatura eccessiva e gomma bruciata.,Il formaggio ha un profumo di latte cotto moderato e note animali da moderata a forte.,data/data/images_flat/2018-2019_Trentingrana__2019-03-06__P6b_323_fetta.bmp
"Il formaggio ha un profumo di burro, latte, yogurt e note floreali con sentore affumicato.",Il formaggio ha un profumo cotto.,data/data/images_flat/2018-2019_Trentingrana__2019-03-06__P6b_323_fetta.bmp
"Il formaggio ha un profumo di sedano, brodo vegetale e latte caramellato.","Il formaggio ha un profumo leggero, evanescente, con note di tostato.",data/data/images_flat/2018-2019_Trentingrana__2019-03-06__P6b_323_fetta.bmp
Il formaggio ha un profumo di crauti.,Il formaggio ha un profumo di latte cotto.,data/data/images_flat/2018-2019_Trentingrana__2019-03-06__P6b_323_fetta.bmp
Il formaggio ha un profumo di burro con un poco di acido.,"Il formaggio ha un profumo di verdura lessa, formaggio cotto e burro.",data/data/images_flat/2018-2019_Trentingrana__2019-03-06__P6b_323_fetta.bmp
Il formaggio ha un profumo di latte fresco con leggero sentore di cotto.,"Il formaggio ha un profumo di lattici freschi all'apertura, poi anche cotti.",data/data/images_flat/2018-2019_Trentingrana__2019-03-06__P6b_323_fetta.bmp
Il formaggio ha un profumo di latte acido.,"Il formaggio ha un profumo di grana, tostato, fieno e panna.",data/data/images_flat/2018-2019_Trentingrana__2019-03-06__P6b_323_fetta.bmp
Il formaggio ha un profumo molto tenue.,Il formaggio ha un profumo di verdura cotta non positivo.,data/data/images_flat/2018-2019_Trentingrana__2019-03-06__P6b_323_fetta.bmp
"Il formaggio ha un profumo di burro e burro fuso con note di crosta, leggeri.",Il formaggio ha un profumo di panna e burro.,data/data/images_flat/2018-2019_Trentingrana__2018-11-21__P1a_302_fetta.bmp
Il formaggio ha un profumo delicato.,"Il formaggio ha un profumo di latte, burro e frutta matura.",data/data/images_flat/2018-2019_Trentingrana__2018-11-21__P1a_302_fetta.bmp
Il formaggio ha un profumo semplice di panna lattica con nota di formaggino.,Il formaggio ha un profumo con punte di fruttato ed erbaceo.,data/data/images_flat/2018-2019_Trentingrana__2018-11-21__P1a_302_fetta.bmp
Il formaggio ha un profumo leggero con nota fecale.,Il formaggio ha un profumo di frutta tropicale e dado.,data/data/images_flat/2018-2019_Trentingrana__2018-11-21__P1a_302_fetta.bmp
"Il formaggio ha un profumo di panna, burro fuso e brodo di pollo, di medio equilibrio.","Il formaggio ha un profumo di grana, burro e note floreali.",data/data/images_flat/2018-2019_Trentingrana__2018-11-21__P6a_323_fetta.bmp
"Il formaggio ha un profumo di burro e panna, leggermente ossidato.","Il formaggio ha un profumo di latte cotto, molto delicato.",data/data/images_flat/2018-2019_Trentingrana__2018-11-21__P6a_323_fetta.bmp
Il formaggio ha un profumo fruttato con note di panna e burro fresco.,Il formaggio ha un profumo vegetale balsamico poco caratteristico della grana.,data/data/images_flat/2018-2019_Trentingrana__2018-09-12__P4b_314_fetta.bmp
"Il formaggio ha un profumo di latte fresco, panna e brodo vegetale.",Il formaggio ha un profumo animale.,data/data/images_flat/2018-2019_Trentingrana__2018-09-12__P4b_314_fetta.bmp
Il formaggio ha un profumo molto lieve con note di erba tagliata all'apertura.,Il formaggio ha un profumo di latte cotto e brodo vegetale.,data/data/images_flat/2018-2019_Trentingrana__2018-09-12__P4b_314_fetta.bmp
Il formaggio ha un profumo di brodo vegetale.,"Il formaggio ha un profumo di brodo di carne, burro fuso e latte cotto con note di sottobosco e tostato.",data/data/images_flat/2018-2019_Trentingrana__2018-09-12__P4b_314_fetta.bmp
Il formaggio ha un profumo di fieno e burro fuso.,Il formaggio ha un profumo leggermente intenso.,data/data/images_flat/2018-2019_Trentingrana__2018-09-12__P1a_304_fetta.bmp
Il formaggio ha un profumo poco intenso.,"Il formaggio ha un profumo leggero di panna con note vegetali, senza grande freschezza.",data/data/images_flat/2018-2019_Trentingrana__2018-09-12__P1a_304_fetta.bmp
"Il formaggio ha un profumo di pane tostato, latte cotto e panna, con intensità bassa.","Il formaggio ha un profumo di panna, burro fuso, latte cotto e tostato, leggero.",data/data/images_flat/2018-2019_Trentingrana__2018-09-12__P1a_304_fetta.bmp
Il formaggio ha un profumo di erba.,"Il formaggio ha un profumo di panna e animale, intenso.",data/data/images_flat/2018-2019_Trentingrana__2018-09-12__P1a_304_fetta.bmp
Il formaggio ha un profumo molto debole.,"Il formaggio ha un profumo tostato e di frutta con ananas, entrambi di intensità leggera.",data/data/images_flat/2018-2019_Trentingrana__2019-04-03__P2b_314_fetta.bmp
Il formaggio ha un profumo di burro.,Il formaggio ha un profumo di latte.,data/data/images_flat/2018-2019_Trentingrana__2019-04-03__P2b_314_fetta.bmp
Il formaggio ha un profumo di crema e caramello.,Il formaggio ha un profumo di intensità medio-forte con note vegetali e floreali su latte.,data/data/images_flat/2018-2019_Trentingrana__2019-04-03__P2b_314_fetta.bmp
Il formaggio ha un profumo di cacao.,Il formaggio ha un profumo di yoghurt.,data/data/images_flat/2018-2019_Trentingrana__2019-04-03__P2b_314_fetta.bmp
Il formaggio ha un profumo di cotto e ossidato.,Il formaggio ha un profumo con sentore di fermentato.,data/data/images_flat/2018-2019_Trentingrana__2019-04-03__P2b_314_fetta.bmp
"Il formaggio ha un profumo di note floreali su base di latte, panna e burro freschi, con lieve tostatura e buona intensità.","Il formaggio ha un profumo con sentore di stalla, crosta e ossidato.",data/data/images_flat/2018-2019_Trentingrana__2019-04-03__P2b_314_fetta.bmp
Il formaggio ha un profumo di burro sciolto e brodo.,"Il formaggio ha un profumo di latte e crema crudi, leggeri.",data/data/images_flat/2018-2019_Trentingrana__2019-04-03__P2b_314_fetta.bmp
"Il formaggio ha un profumo di panna e latte cotto, tostato, con poco fruttato.","Il formaggio ha un profumo di lattico moderatamente intenso, cotto, con leggero sentore fermentato.",data/data/images_flat/2018-2019_Trentingrana__2019-04-03__P2b_314_fetta.bmp
Il formaggio ha un profumo di panna.,"Il formaggio ha un profumo con nota fermentata appena percettibile, fruttato, lattico cotto e brodo.",data/data/images_flat/2018-2019_Trentingrana__2019-04-03__P2b_314_fetta.bmp
"Il formaggio ha un profumo all'apertura pungente quasi ammoniacale, seguito da note tostate decise e speziate, latte cotto quasi bruciato, cacao amaro e caffé.","Il formaggio ha un profumo di intensità medio-forte con note di latte intero, panna, brodo di carne e burro fresco.",data/data/images_flat/2018-2019_Trentingrana__2019-04-03__P4a_323_fetta.bmp
Il formaggio ha un profumo di latte cotto e brodo vegetale.,Il formaggio ha un profumo fermentato con note di insilato di mais.,data/data/images_flat/2018-2019_Trentingrana__2019-04-03__P4a_323_fetta.bmp
Il formaggio ha un profumo anomalo alla prima olfazione.,Il formaggio ha un profumo leggero di cotto.,data/data/images_flat/2018-2019_Trentingrana__2019-04-03__P4a_323_fetta.bmp
Il formaggio ha un profumo vegetale.,Il formaggio ha un profumo molto leggermente di crosta e ossidato.,data/data/images_flat/2018-2019_Trentingrana__2019-04-03__P4a_323_fetta.bmp
Il formaggio ha un profumo di note vegetali e lattiche fresche.,Il formaggio ha un profumo di caramella mou e latte cotto.,data/data/images_flat/2018-2019_Trentingrana__2019-04-03__P4a_323_fetta.bmp
Il formaggio ha un profumo vegetale cotto.,"Il formaggio ha un profumo con lieve sentore vegetale iniziale, seguito da lattici cotti e formaggio cotto.",data/data/images_flat/2018-2019_Trentingrana__2019-04-03__P4a_323_fetta.bmp
Il formaggio ha un profumo mediamente intenso con note di frutta fermentata.,Il formaggio ha un profumo molto fruttato con note lattiche fresche.,data/data/images_flat/2018-2019_Trentingrana__2019-04-03__P4a_323_fetta.bmp
"Il formaggio ha un profumo di grana, nocciola e burro.","Il formaggio ha un profumo di latte con sentore cotto, intensità moderata e poco cuoio.",data/data/images_flat/2018-2019_Trentingrana__2019-03-13__P6a_330_fetta.bmp
"Il formaggio ha un profumo di latte acido, pungente e fermentato.",Il formaggio ha un profumo di formaggio cotto.,data/data/images_flat/2018-2019_Trentingrana__2019-03-13__P6a_330_fetta.bmp
Il formaggio ha un profumo leggermente bruciato.,Il formaggio ha un profumo di burro fuso e latte cotto.,data/data/images_flat/2018-2019_Trentingrana__2019-03-13__P6a_330_fetta.bmp
"Il formaggio ha un profumo di terra e animale, leggermente putrido.",Il formaggio ha un profumo caratteristico a media intensità.,data/data/images_flat/2018-2019_Trentingrana__2019-03-13__P6a_330_fetta.bmp
"Il formaggio ha un profumo poco armonico di formaggio cotto e brodo, poco caratteristico.","Il formaggio ha un profumo di frutta fermentata e acqua stagnante, poco caratteristico.",data/data/images_flat/2018-2019_Trentingrana__2019-03-13__P6a_330_fetta.bmp
"Il formaggio ha un profumo di moderata intensità con panna e cotto, note di frutta secca e vegetali di brodo.","Il formaggio ha un profumo di frutta matura, fieno e stalla, con nota di grana.",data/data/images_flat/2018-2019_Trentingrana__2019-03-13__P6a_330_fetta.bmp
Il formaggio ha un profumo di panna.,"Il formaggio ha un profumo di latte acido prevalente, seguito da panna e burro fresco, con note di fruttato e vegetale cotto.",data/data/images_flat/2018-2019_Trentingrana__2019-03-13__P6a_330_fetta.bmp
Il formaggio ha un profumo di latte e panna con intensità moderata.,Il formaggio ha un profumo di brodo vegetale.,data/data/images_flat/2018-2019_Trentingrana__2019-03-13__P3b_307_fetta.bmp
"Il formaggio ha un profumo leggero, evanescente, con note di tostato.",Il formaggio ha un profumo lieve di latte con poca complessità.,data/data/images_flat/2018-2019_Trentingrana__2019-03-13__P3b_307_fetta.bmp
Il formaggio ha un profumo leggermente propionico.,Il formaggio ha un profumo acido.,data/data/images_flat/2018-2019_Trentingrana__2019-03-13__P3b_307_fetta.bmp
Il formaggio ha un profumo di latte cotto leggero.,Il formaggio ha un profumo di panna e burro.,data/data/images_flat/2018-2019_Trentingrana__2019-03-13__P3b_307_fetta.bmp
Il formaggio ha un profumo ossidato.,"Il formaggio ha un profumo debole e delicato, equilibrato.",data/data/images_flat/2018-2019_Trentingrana__2019-03-13__P3b_307_fetta.bmp
Il formaggio ha un profumo stantio e passato.,"Il formaggio ha un profumo pungente all'apertura, odore negativo di putrido anche nei pezzi interni.",data/data/images_flat/2018-2019_Trentingrana__2019-03-13__P3b_307_fetta.bmp
Il formaggio ha un profumo intenso di panna e latte.,"Il formaggio ha un profumo pungente di latte e panna fermentata, con panna fresca e burro fresco.",data/data/images_flat/2018-2019_Trentingrana__2019-03-13__P3b_307_fetta.bmp
Il formaggio ha un profumo di intensità media con note fruttate all'apertura.,Il formaggio ha un profumo intenso di grana e frutta matura.,data/data/images_flat/2018-2019_Trentingrana__2019-03-13__P3b_307_fetta.bmp
Il formaggio ha un profumo intenso ed equilibrato con prevalenza di tostatura.,"Il formaggio ha un profumo di fermentazione leggera, crosta di formaggio e panna acida.",data/data/images_flat/2018-2019_Trentingrana__2019-03-13__P3b_307_fetta.bmp
Il formaggio ha un profumo di banana.,"Il formaggio ha un profumo di intensità moderata, armonico e positivo.",data/data/images_flat/2018-2019_Trentingrana__2018-11-28__P1b_302_fetta.bmp
Il formaggio ha un profumo ossidato.,Il formaggio ha un profumo fermentato con note negative e di marcio.,data/data/images_flat/2018-2019_Trentingrana__2018-11-28__P1b_302_fetta.bmp
"Il formaggio ha un profumo di buona intensità con sentori lattei e di latte cotto, burro, poco fresco.",Il formaggio ha un profumo di paglia e lettiera con difetti.,data/data/images_flat/2018-2019_Trentingrana__2018-10-10__P3b_310_fetta.bmp
Il formaggio ha un profumo floreale con note di panna.,Il formaggio ha un profumo di burro fuso.,data/data/images_flat/2018-2019_Trentingrana__2018-10-10__P3b_310_fetta.bmp
Il formaggio ha un profumo poco intenso.,"Il formaggio ha un profumo vegetale, balsamiche e di eucalipto.",data/data/images_flat/2018-2019_Trentingrana__2018-10-10__P3b_310_fetta.bmp
Il formaggio ha un profumo molto pannosetto e piacevole.,Il formaggio ha un profumo di crosta con note leggermente speziate.,data/data/images_flat/2018-2019_Trentingrana__2018-10-10__P3b_310_fetta.bmp
"Il formaggio ha un profumo intenso, quasi pungente, con note di frutta fermentata e note lattiche.","Il formaggio ha un profumo di grana, nocciola e fieno.",data/data/images_flat/2018-2019_Trentingrana__2018-10-10__P3b_310_fetta.bmp
Il formaggio ha un profumo equilibrato di panna e latte cotto.,"Il formaggio ha un profumo di lattico cotto, tostato e verdure lesse.",data/data/images_flat/2018-2019_Trentingrana__2018-10-10__P3b_310_fetta.bmp
"Il formaggio ha un profumo di fermentazione con note di insilato, panna fresca, burro fresco e leggera tostatura.",Il formaggio ha un profumo maturo con forte nota floreale e fruttata.,data/data/images_flat/2018-2019_Trentingrana__2018-10-10__P3b_310_fetta.bmp
Il formaggio ha un profumo lieve e iniziale.,Il formaggio ha un profumo putrido.,data/data/images_flat/2018-2019_Trentingrana__2018-10-10__P3b_310_fetta.bmp
Il formaggio ha un profumo chiuso con leggermente ammoniaca.,Il formaggio ha un profumo di odore animale.,data/data/images_flat/2018-2019_Trentingrana__2018-10-10__P3b_310_fetta.bmp
Il formaggio ha un profumo di burro sciolto.,Il formaggio ha un profumo poco intenso e complesso di burro fuso con lieve nota di stantio.,data/data/images_flat/2018-2019_Trentingrana__2018-10-10__P6a_330_fetta.bmp
"Il formaggio ha un profumo animale tendente alla stalla, con note di tostato, pane e cotto.",Il formaggio ha un profumo leggermente acido con note lattiche.,data/data/images_flat/2018-2019_Trentingrana__2018-10-10__P6a_330_fetta.bmp
Il formaggio ha un profumo di panna con note di vegetale lesso.,Il formaggio ha un profumo fruttato di mela.,data/data/images_flat/2018-2019_Trentingrana__2018-10-10__P6a_330_fetta.bmp
Il formaggio ha un profumo di tostatura e note polverose.,Il formaggio ha un profumo di tostatura abbastanza prevalente.,data/data/images_flat/2018-2019_Trentingrana__2018-10-10__P6a_330_fetta.bmp
Il formaggio ha un profumo chiuso.,Il formaggio ha un profumo leggero di crosta e cotto.,data/data/images_flat/2018-2019_Trentingrana__2018-10-10__P6a_330_fetta.bmp
Il formaggio ha un profumo intenso.,Il formaggio ha un profumo con leggeri difetti percepibili.,data/data/images_flat/2018-2019_Trentingrana__2018-10-10__P6a_330_fetta.bmp
Il formaggio ha un profumo acido con note di frutta marcita.,"Il formaggio ha un profumo pungente alla rottura in alcuni punti, dolciastro in altri, con leggeri sentori di cipolla cotta e panna leggermente passata.",data/data/images_flat/2018-2019_Trentingrana__2018-10-10__P6a_330_fetta.bmp
Il formaggio ha un profumo di ossidato su uno dei pezzi.,Il formaggio ha un profumo di crosta e cotto.,data/data/images_flat/2018-2019_Trentingrana__2018-10-10__P6a_330_fetta.bmp
"Il formaggio ha un profumo di brodo di carne, burro fuso e latte cotto con note di sottobosco e tostato.",Il formaggio ha un profumo intenso di lattico cotto e vegetale secco con lieve nota tostata.,data/data/images_flat/2018-2019_Trentingrana__2018-10-10__P2a_307_fetta.bmp
Il formaggio ha un profumo di plastica bruciata.,Il formaggio ha un profumo di panna.,data/data/images_flat/2018-2019_Trentingrana__2018-10-10__P2a_307_fetta.bmp
Il formaggio ha un profumo vegetale balsamico poco caratteristico della grana.,"Il formaggio ha un profumo di latte, burro e burro fuso.",data/data/images_flat/2018-2019_Trentingrana__2018-10-10__P2a_307_fetta.bmp
Il formaggio ha un profumo di verdura cotta leggero.,Il formaggio ha un profumo leggermente di teli sporchi.,data/data/images_flat/2018-2019_Trentingrana__2018-10-10__P2a_307_fetta.bmp
Il formaggio ha un profumo di crosta di grana e verdura lessa.,Il formaggio ha un profumo di noce moscata e frutta secca.,data/data/images_flat/2018-2019_Trentingrana__2018-10-10__P2a_307_fetta.bmp
Il formaggio ha un profumo nostrano.,Il formaggio ha un profumo intenso con note di tostatura e leggermente insilati.,data/data/images_flat/2018-2019_Trentingrana__2018-10-10__P2a_307_fetta.bmp
Il formaggio ha un profumo balsamico.,Il formaggio ha un profumo di brodo vegetale su note cotte.,data/data/images_flat/2018-2019_Trentingrana__2018-10-10__P2a_307_fetta.bmp
"Il formaggio ha un profumo di grana, nocciola e tostatura.",Il formaggio ha un profumo leggermente negativo in parte del formaggio.,data/data/images_flat/2018-2019_Trentingrana__2018-10-10__P2a_307_fetta.bmp
Il formaggio ha un profumo salato.,Il formaggio ha un profumo molto pannoso.,data/data/images_flat/2018-2019_Trentingrana__2018-10-10__P2a_307_fetta.bmp
Il formaggio ha un profumo vegetale balsamico.,"Il formaggio ha un profumo di moderata intensità con sentori cotti, tostato e quasi fumo.",data/data/images_flat/2018-2019_Trentingrana__2019-02-13__P6b_330_fetta.bmp
"Il formaggio ha un profumo di gomma bruciata, più evidente all'apertura.",Il formaggio ha un profumo di panna e burro.,data/data/images_flat/2018-2019_Trentingrana__2019-02-13__P6b_330_fetta.bmp
Il formaggio ha un profumo di funghi freschi.,Il formaggio ha un profumo delicato con leggero sentore di cotto.,data/data/images_flat/2018-2019_Trentingrana__2019-02-13__P6b_330_fetta.bmp
"Il formaggio ha un profumo debole e scarno, con note di tostato e cotto.","Il formaggio ha un profumo di burro fuso e cotto, con note di crosta e ossidato, poco intensi.",data/data/images_flat/2018-2019_Trentingrana__2019-02-13__P6b_330_fetta.bmp
Il formaggio ha un profumo di cavolfiore.,Il formaggio ha un profumo di lattici cotti e verdura lessa leggermente presente.,data/data/images_flat/2018-2019_Trentingrana__2019-02-13__P6b_330_fetta.bmp
Il formaggio ha un profumo di intensità moderata.,"Il formaggio ha un profumo principalmente vegetale cotto, con note di panna e burro fuso.",data/data/images_flat/2018-2019_Trentingrana__2019-02-13__P6b_330_fetta.bmp
Il formaggio ha un profumo di frutta matura con intensità alta.,Il formaggio ha un profumo di latte e panna con intensità moderata.,data/data/images_flat/2018-2019_Trentingrana__2019-02-13__P4a_311_fetta.bmp
Il formaggio ha un profumo di crosta.,Il formaggio ha un profumo vegetale e cotto.,data/data/images_flat/2018-2019_Trentingrana__2019-02-13__P4a_311_fetta.bmp
Il formaggio ha un profumo di formaggio cotto.,"Il formaggio ha un profumo su base lattea dolce con note vegetali e di brodo, intensità moderata.",data/data/images_flat/2018-2019_Trentingrana__2019-02-13__P4a_311_fetta.bmp
"Il formaggio ha un profumo di burro fresco, debole.",Il formaggio ha un profumo di pasta cotta.,data/data/images_flat/2018-2019_Trentingrana__2019-02-13__P4a_311_fetta.bmp
Il formaggio ha un profumo dolce con leggerezza di cotto.,Il formaggio ha un profumo di burro fresco e formaggio cotto.,data/data/images_flat/2018-2019_Trentingrana__2019-02-13__P4a_311_fetta.bmp
Il formaggio ha un profumo di kiwi.,Il formaggio ha un profumo di panna intensa.,data/data/images_flat/2018-2019_Trentingrana__2019-02-13__P4a_311_fetta.bmp
Il formaggio ha un profumo tostato.,Il formaggio ha un profumo di brodo leggermente difettoso.,data/data/images_flat/2018-2019_Trentingrana__2019-02-13__P4a_311_fetta.bmp
Il formaggio ha un profumo abbastanza complesso con intensità limitata.,"Il formaggio ha un profumo di fermentazione con note di insilato, panna fresca, burro fresco e leggera tostatura.",data/data/images_flat/2018-2019_Trentingrana__2019-02-13__P4a_311_fetta.bmp
"Il formaggio ha un profumo di cavolo, più evidente all'apertura.",Il formaggio ha un profumo di frutta matura con intensità alta.,data/data/images_flat/2018-2019_Trentingrana__2019-02-13__P2b_305_fetta.bmp
Il formaggio ha un profumo pronunciato di latte cotto.,Il formaggio ha un profumo animale di letame.,data/data/images_flat/2018-2019_Trentingrana__2019-02-13__P2b_305_fetta.bmp
Il formaggio ha un profumo molto debole.,Il formaggio ha un profumo di piedi.,data/data/images_flat/2018-2019_Trentingrana__2019-02-13__P2b_305_fetta.bmp
Il formaggio ha un profumo leggero.,Il formaggio ha un profumo di crosta e brodo.,data/data/images_flat/2018-2019_Trentingrana__2019-02-13__P2b_305_fetta.bmp
Il formaggio ha un profumo floreale con note di panna.,"Il formaggio ha un profumo molto delicato, non paglierina.",data/data/images_flat/2018-2019_Trentingrana__2019-02-13__P2b_305_fetta.bmp
Il formaggio ha un profumo fruttato.,Il formaggio ha un profumo ossidato con note di crosta.,data/data/images_flat/2018-2019_Trentingrana__2019-02-13__P2b_305_fetta.bmp
"Il formaggio ha un profumo debole di fieno e pane, poco fresco.",Il formaggio ha un profumo di formaggio cotto.,data/data/images_flat/2018-2019_Trentingrana__2019-02-13__P2b_305_fetta.bmp
Il formaggio ha un profumo di intensità moderata.,"Il formaggio ha un profumo di emmental senza difetti, non tipico.",data/data/images_flat/2018-2019_Trentingrana__2019-02-13__P2b_305_fetta.bmp
Il formaggio ha un profumo vegetale con note di crosta.,"Il formaggio ha un profumo fruttato con panna, burro fuso e leggero sentore di verdure cotte e pane tostato.",data/data/images_flat/2018-2019_Trentingrana__2019-02-13__P2b_305_fetta.bmp
"Il formaggio ha un profumo con buona intensità, sentori maturi di brodo, crosta e burro cotto.","Il formaggio ha un profumo non particolarmente intenso, piatto, con note animali e di paglia, a tratti di acqua ristagnante.",data/data/images_flat/2018-2019_Trentingrana__2018-10-31__P5a_323_fetta.bmp
"Il formaggio ha un profumo di note floreali su base di latte, panna e burro freschi, con lieve tostatura e buona intensità.",Il formaggio ha un profumo di burro fuso e latte.,data/data/images_flat/2018-2019_Trentingrana__2018-10-31__P5a_323_fetta.bmp
Il formaggio ha un profumo leggermente cotto.,"Il formaggio ha un profumo molto delicato, quasi impercettibile.",data/data/images_flat/2018-2019_Trentingrana__2018-10-31__P5a_323_fetta.bmp
Il formaggio ha un profumo di caramella mou e burro cotto.,"Il formaggio ha un profumo di panna, vaniglia, frutta e farina.",data/data/images_flat/2018-2019_Trentingrana__2018-10-31__P5a_323_fetta.bmp
Il formaggio ha un profumo con numerosi sentori nella categoria panna.,Il formaggio ha un profumo leggermente difettoso.,data/data/images_flat/2018-2019_Trentingrana__2018-10-31__P5a_323_fetta.bmp
Il formaggio ha un profumo con leggere note bruciate.,Il formaggio ha un profumo di crosta e cotto.,data/data/images_flat/2018-2019_Trentingrana__2018-10-31__P5a_323_fetta.bmp
Il formaggio ha un profumo fruttato.,"Il formaggio ha un profumo di stalla, formaggio cotto e burro con intensità discreta.",data/data/images_flat/2018-2019_Trentingrana__2018-10-31__P5a_323_fetta.bmp
Il formaggio ha un profumo di intensità moderata.,"Il formaggio ha un profumo di note fermentative, insilato e kiwi maturo.",data/data/images_flat/2018-2019_Trentingrana__2018-10-31__P5a_323_fetta.bmp
"Il formaggio ha un profumo di burro fuso e stantio, entrambi di intensità elevata.",Il formaggio ha un profumo animale e stallatico.,data/data/images_flat/2018-2019_Trentingrana__2018-10-31__P5a_323_fetta.bmp
Il formaggio ha un profumo di panna e burro con brodo e leggera nota animale.,"Il formaggio ha un profumo non particolarmente intenso, piatto, con note animali e di paglia, a tratti di acqua ristagnante.",data/data/images_flat/2018-2019_Trentingrana__2018-10-31__P5b_323_fetta.bmp
Il formaggio ha un profumo di caramello.,Il formaggio ha un profumo di burro fuso e latte.,data/data/images_flat/2018-2019_Trentingrana__2018-10-31__P5b_323_fetta.bmp
"Il formaggio ha un profumo di grana, kiwi, nocciola e tostato.","Il formaggio ha un profumo molto delicato, quasi impercettibile.",data/data/images_flat/2018-2019_Trentingrana__2018-10-31__P5b_323_fetta.bmp
"Il formaggio ha un profumo di tostato, burro fuso, latte cotto, vegetale con note di fieno e fruttato.","Il formaggio ha un profumo di panna, vaniglia, frutta e farina.",data/data/images_flat/2018-2019_Trentingrana__2018-10-31__P5b_323_fetta.bmp
Il formaggio ha un profumo con sentore di nostrano.,Il formaggio ha un profumo leggermente difettoso.,data/data/images_flat/2018-2019_Trentingrana__2018-10-31__P5b_323_fetta.bmp
Il formaggio ha un profumo di latte cotto con intensità leggera.,Il formaggio ha un profumo di crosta e cotto.,data/data/images_flat/2018-2019_Trentingrana__2018-10-31__P5b_323_fetta.bmp
"Il formaggio ha un profumo abbastanza intenso ma poco pulito, con nota di pozzo di scarico.","Il formaggio ha un profumo di stalla, formaggio cotto e burro con intensità discreta.",data/data/images_flat/2018-2019_Trentingrana__2018-10-31__P5b_323_fetta.bmp
Il formaggio ha un profumo di panna.,"Il formaggio ha un profumo di note fermentative, insilato e kiwi maturo.",data/data/images_flat/2018-2019_Trentingrana__2018-10-31__P5b_323_fetta.bmp
Il formaggio ha un profumo molto pannosetto e piacevole.,Il formaggio ha un profumo animale e stallatico.,data/data/images_flat/2018-2019_Trentingrana__2018-10-31__P5b_323_fetta.bmp
Il formaggio ha un profumo con nota dolce.,Il formaggio ha un profumo intenso e equilibrato con note lattiche cotte e di brodo.,data/data/images_flat/2018-2019_Trentingrana__2018-10-31__P6a_330_fetta.bmp
Il formaggio ha un profumo ossidato.,Il formaggio ha un profumo leggero di ossidato e di erba fermentata.,data/data/images_flat/2018-2019_Trentingrana__2018-10-31__P6a_330_fetta.bmp
Il formaggio ha un profumo leggermente propionico.,Il formaggio ha un profumo di panna e burro.,data/data/images_flat/2018-2019_Trentingrana__2018-10-31__P6a_330_fetta.bmp
Il formaggio ha un profumo molto intenso di frutta tropicale con note di ananas.,Il formaggio ha un profumo leggero di stalla.,data/data/images_flat/2018-2019_Trentingrana__2018-10-31__P6a_330_fetta.bmp
"Il formaggio ha un profumo stagnante all'apertura, poi non percepibile.","Il formaggio ha un profumo di latte e grana con poco fruttato, non intensi.",data/data/images_flat/2018-2019_Trentingrana__2018-10-31__P6a_330_fetta.bmp
"Il formaggio ha un profumo di burro fuso e latte cotto con profumi maturi, note di tostato e frutta secca, buona intensità.",Il formaggio ha un profumo di vegetali fermentati.,data/data/images_flat/2018-2019_Trentingrana__2018-10-31__P6a_330_fetta.bmp
"Il formaggio ha un profumo poco intenso di crosta di formaggio e acqua stagnante, con note del nostrano.",Il formaggio ha un profumo di frutta matura con note di pozzo di scarico e sentore di topo morto.,data/data/images_flat/2018-2019_Trentingrana__2019-01-23__P3a_310_fetta.bmp
Il formaggio ha un profumo di caramella mou e burro cotto.,Il formaggio ha un profumo di bruciato e crosta.,data/data/images_flat/2018-2019_Trentingrana__2019-01-23__P3a_310_fetta.bmp
Il formaggio ha un profumo di burro fuso e tostato.,Il formaggio ha un profumo vegetale e cotto leggermente bruciato.,data/data/images_flat/2018-2019_Trentingrana__2019-01-23__P3a_310_fetta.bmp
Il formaggio ha un profumo di kiwi e bruciato.,Il formaggio ha un profumo difettoso.,data/data/images_flat/2018-2019_Trentingrana__2019-01-23__P3a_310_fetta.bmp
Il formaggio ha un profumo di panna.,Il formaggio ha un profumo molto debole con sentore di formaggio ossidato.,data/data/images_flat/2018-2019_Trentingrana__2019-01-23__P3a_310_fetta.bmp
Il formaggio ha un profumo ossidato.,Il formaggio ha un profumo di verdura lessa con note di cavolfiore e sentore animale di letame a intensità moderata.,data/data/images_flat/2018-2019_Trentingrana__2019-01-23__P3a_310_fetta.bmp
Il formaggio ha un profumo equilibrato di panna e latte cotto.,Il formaggio ha un profumo fermentato con un poco di marcio.,data/data/images_flat/2018-2019_Trentingrana__2019-01-23__P3a_310_fetta.bmp
Il formaggio ha un profumo lieve.,Il formaggio ha un profumo di latte cotto e formaggio fritto.,data/data/images_flat/2018-2019_Trentingrana__2019-01-23__P3a_310_fetta.bmp
Il formaggio ha un profumo leggero e poco percettibile.,"Il formaggio ha un profumo di burro sciolto e latte con panna, sentori maturi, buona intensità e poco di frutta secca tostata.",data/data/images_flat/2018-2019_Trentingrana__2019-01-23__P3a_310_fetta.bmp
Il formaggio ha un profumo di burro fuso e bruciato.,Il formaggio ha un profumo di brodo vegetale.,data/data/images_flat/2018-2019_Trentingrana__2019-01-23__P3a_310_fetta.bmp
"Il formaggio ha un profumo gradevole di lattico cotto, leggermente leggero.","Il formaggio ha un profumo poco intenso e piatto, con note di pungente, frutta fermentata, burro cotto e legno.",data/data/images_flat/2018-2019_Trentingrana__2019-01-23__P1a_302_fetta.bmp
Il formaggio ha un profumo marcio e putrido in alcune porzioni.,Il formaggio ha un profumo leggero di formaggio cotto.,data/data/images_flat/2018-2019_Trentingrana__2019-01-23__P1a_302_fetta.bmp
Il formaggio ha un profumo carente di note lattiche.,Il formaggio ha un profumo leggero.,data/data/images_flat/2018-2019_Trentingrana__2019-01-23__P1a_302_fetta.bmp
"Il formaggio ha un profumo di burro fuso, poco intenso e poco complesso.",Il formaggio ha un profumo debole.,data/data/images_flat/2018-2019_Trentingrana__2019-01-23__P1a_302_fetta.bmp
Il formaggio ha un profumo di latte cotto con intensità medio-bassa.,Il formaggio ha un profumo di formaggio fermentato forte.,data/data/images_flat/2018-2019_Trentingrana__2019-01-23__P1a_302_fetta.bmp
"Il formaggio ha un profumo intenso, leggermente fermentato su un pezzetto.","Il formaggio ha un profumo pungente all'apertura, non rilevabile nei pezzi.",data/data/images_flat/2018-2019_Trentingrana__2019-01-23__P1a_302_fetta.bmp
"Il formaggio ha un profumo di fieno, yogurt e tostatura.",Il formaggio ha un profumo di latte.,data/data/images_flat/2018-2019_Trentingrana__2019-01-23__P1a_302_fetta.bmp
Il formaggio ha un profumo marcio e putrido in alcune porzioni.,Il formaggio ha un profumo leggero.,data/data/images_flat/2018-2019_Trentingrana__2019-01-23__P1a_302_fetta.bmp
"Il formaggio ha un profumo leggero con sentori maturi, cotti e tostati, poco fresco.",Il formaggio ha un profumo di latte cotto e brodo.,data/data/images_flat/2018-2019_Trentingrana__2019-01-23__P1a_302_fetta.bmp
Il formaggio ha un profumo intenso di grana.,Il formaggio ha un profumo poco intenso con note di lettiera e ossidato.,data/data/images_flat/2018-2019_Trentingrana__2019-01-23__P2b_305_fetta.bmp
Il formaggio ha un profumo neutro.,Il formaggio ha un profumo leggero di formaggio cotto e crosta.,data/data/images_flat/2018-2019_Trentingrana__2019-01-23__P2b_305_fetta.bmp
Il formaggio ha un profumo all'apertura evidente e sgradevole.,Il formaggio ha un profumo di latte dolce intenso.,data/data/images_flat/2018-2019_Trentingrana__2019-01-23__P2b_305_fetta.bmp
Il formaggio ha un profumo di burro fuso con sentori di crosta.,Il formaggio ha un profumo moderatamente rancido e speziato.,data/data/images_flat/2018-2019_Trentingrana__2019-01-23__P2b_305_fetta.bmp
Il formaggio ha un profumo di burro.,"Il formaggio ha un profumo di intensità media-bassa con note lattee, burro e latte cotto.",data/data/images_flat/2018-2019_Trentingrana__2019-01-23__P2b_305_fetta.bmp
Il formaggio ha un profumo di burro fuso.,"Il formaggio ha un profumo di latte cotto, formaggio cotto e brodo.",data/data/images_flat/2018-2019_Trentingrana__2019-01-23__P2b_305_fetta.bmp
"Il formaggio ha un profumo di formaggio fritto, latte cotto e panna.","Il formaggio ha un profumo di stalla, marcio e fermentato.",data/data/images_flat/2018-2019_Trentingrana__2019-01-23__P6b_323_fetta.bmp
Il formaggio ha un profumo molto debole.,"Il formaggio ha un profumo di tostato forte, con note di crosta e formaggio cotto.",data/data/images_flat/2018-2019_Trentingrana__2019-01-23__P6b_323_fetta.bmp
Il formaggio ha un profumo ossidato con note di crosta.,Il formaggio ha un profumo leggero fruttato.,data/data/images_flat/2018-2019_Trentingrana__2019-01-23__P6b_323_fetta.bmp
Il formaggio ha un profumo tostato.,Il formaggio ha un profumo di cipolla sgradevole.,data/data/images_flat/2018-2019_Trentingrana__2019-01-23__P6b_323_fetta.bmp
Il formaggio ha un profumo molto debole.,Il formaggio ha un profumo di burro fuso con sentori di crosta.,data/data/images_flat/2018-2019_Trentingrana__2019-01-23__P6b_323_fetta.bmp
"Il formaggio ha un profumo di cuoio e cavallo su alcuni pezzi, poco intenso e poco complesso sui rimanenti.",Il formaggio ha un profumo moderatamente ossidato con note di ananas e speziato.,data/data/images_flat/2018-2019_Trentingrana__2019-01-23__P6b_323_fetta.bmp
Il formaggio ha un profumo chiuso.,"Il formaggio ha un profumo di fumo all'apertura, seguito da note fermentate.",data/data/images_flat/2018-2019_Trentingrana__2019-01-23__P6b_323_fetta.bmp
Il formaggio ha un profumo poco complesso.,"Il formaggio ha un profumo di latte intero, panna e burro sciolto con poco brodo di carne, buona intensità.",data/data/images_flat/2018-2019_Trentingrana__2019-01-23__P6b_323_fetta.bmp
Il formaggio ha un profumo di crosta.,Il formaggio ha un profumo di burro e brodo vegetale.,data/data/images_flat/2018-2019_Trentingrana__2019-01-23__P6b_323_fetta.bmp
Il formaggio ha un profumo leggero di cotto.,"Il formaggio ha un profumo disomogeneo tra i diversi pezzi, da latte acidificato a latte cotto, con intensità moderata.",data/data/images_flat/2018-2019_Trentingrana__2019-03-26__P1a_302_fetta.bmp
Il formaggio ha un profumo di panna.,Il formaggio ha un profumo di teli sporchi all'inizio.,data/data/images_flat/2018-2019_Trentingrana__2019-03-26__P1a_302_fetta.bmp
Il formaggio ha un profumo di brodo.,"Il formaggio ha un profumo di burro e panna con nota di cuoio, buona intensità.",data/data/images_flat/2018-2019_Trentingrana__2019-03-26__P1a_302_fetta.bmp
Il formaggio ha un profumo delicato.,Il formaggio ha un profumo di brodo.,data/data/images_flat/2018-2019_Trentingrana__2019-03-26__P1a_302_fetta.bmp
Il formaggio ha un profumo di brodo.,"Il formaggio ha un profumo di cotto, leggermente ossidato, burro fuso.",data/data/images_flat/2018-2019_Trentingrana__2019-03-26__P1a_302_fetta.bmp
"Il formaggio ha un profumo di panna e latte cotto, tostato, con poco fruttato.",Il formaggio ha un profumo delicato di crosta di formaggio e burro cotto con lieve nota di nostrano.,data/data/images_flat/2018-2019_Trentingrana__2019-03-26__P1a_302_fetta.bmp
Il formaggio ha un profumo di intensità moderata con note di frutta matura e un poco di emmenthal.,"Il formaggio ha un profumo di latte cotto e frutta secca di formaggio stagionato, intensità moderata.",data/data/images_flat/2018-2019_Trentingrana__2019-03-26__P3b_307_fetta.bmp
Il formaggio ha un profumo intenso fruttato con note di pesca.,Il formaggio ha un profumo di brodo vegetale.,data/data/images_flat/2018-2019_Trentingrana__2019-03-26__P3b_307_fetta.bmp
"Il formaggio ha un profumo di intensità moderata, abbastanza complesso.","Il formaggio ha un profumo di panna, latte e burro sciolto con intensità moderata.",data/data/images_flat/2018-2019_Trentingrana__2019-03-26__P3b_307_fetta.bmp
"Il formaggio ha un profumo di yogurt, formaggio e note floreali.",Il formaggio ha un profumo di burro sciolto.,data/data/images_flat/2018-2019_Trentingrana__2019-03-26__P3b_307_fetta.bmp
Il formaggio ha un profumo leggermente fruttato.,"Il formaggio ha un profumo di brodo vegetale, stalla e ossidato piuttosto intenso.",data/data/images_flat/2018-2019_Trentingrana__2019-03-26__P3b_307_fetta.bmp
Il formaggio ha un profumo delicato di crosta di formaggio e burro cotto con lieve nota di nostrano.,"Il formaggio ha un profumo con note pungenti, di tela bagnata e acqua ristagnante.",data/data/images_flat/2018-2019_Trentingrana__2019-03-26__P3b_307_fetta.bmp
Il formaggio ha un profumo intenso.,"Il formaggio ha un profumo chiuso di verdura cotta, non del tutto positivo.",data/data/images_flat/2018-2019_Trentingrana__2019-03-26__P3b_307_fetta.bmp
Il formaggio ha un profumo di moderata intensità.,"Il formaggio ha un profumo vegetale di fieno e balsamico, leggermente estraneo.",data/data/images_flat/2018-2019_Trentingrana__2018-11-14__P3b_314_fetta.bmp
Il formaggio ha un profumo neutro.,"Il formaggio ha un profumo di crosta, verdure lesse e tostato intenso.",data/data/images_flat/2018-2019_Trentingrana__2018-11-14__P3b_314_fetta.bmp
Il formaggio ha un profumo di yogurt e frutta tropicale.,Il formaggio ha un profumo ossidato e stantio.,data/data/images_flat/2018-2019_Trentingrana__2018-11-14__P3b_314_fetta.bmp
"Il formaggio ha un profumo di grana, nocciola e burro.",Il formaggio ha un profumo di frutta secca e crosta di formaggio stagionato.,data/data/images_flat/2018-2019_Trentingrana__2018-11-14__P3b_314_fetta.bmp
Il formaggio ha un profumo molto intenso di burro e grana.,Il formaggio ha un profumo leggero.,data/data/images_flat/2018-2019_Trentingrana__2018-11-14__P3b_314_fetta.bmp
Il formaggio ha un profumo intenso.,Il formaggio ha un profumo pungente di formaggio stagionato.,data/data/images_flat/2018-2019_Trentingrana__2018-11-14__P3b_314_fetta.bmp
Il formaggio ha un profumo salato.,"Il formaggio ha un profumo animale con note di tostato deciso, liquirizia, caramello scuro e cacao.",data/data/images_flat/2018-2019_Trentingrana__2018-11-14__P3b_314_fetta.bmp
"Il formaggio ha un profumo di intensità appena più che leggera con note lattee mature e cotte, sentore vegetale leggero.",Il formaggio ha un profumo di verdure cotte predominante.,data/data/images_flat/2018-2019_Trentingrana__2018-11-14__P3b_314_fetta.bmp
Il formaggio ha un profumo di burro.,Il formaggio ha un profumo di frutta con note di latte acido.,data/data/images_flat/2018-2019_Trentingrana__2018-11-14__P3b_314_fetta.bmp
"Il formaggio ha un profumo di moderata intensità con sentori cotti, tostato e quasi fumo.",Il formaggio ha un profumo di note lattiche bruciate con sentori caratteristici.,data/data/images_flat/2018-2019_Trentingrana__2018-09-19__P5a_323_fetta.bmp
Il formaggio ha un profumo intenso.,Il formaggio ha un profumo di fermentato.,data/data/images_flat/2018-2019_Trentingrana__2018-09-19__P5a_323_fetta.bmp
"Il formaggio ha un profumo abbastanza intenso ma poco pulito, con nota di pozzo di scarico.",Il formaggio ha un profumo di yogurt.,data/data/images_flat/2018-2019_Trentingrana__2018-09-19__P5a_323_fetta.bmp
Il formaggio ha un profumo di crauti.,Il formaggio ha un profumo con sentore di fermentato.,data/data/images_flat/2018-2019_Trentingrana__2018-09-19__P5a_323_fetta.bmp
Il formaggio ha un profumo con note aspre e di fermentato in alcuni punti.,"Il formaggio ha un profumo di grana, latte e floreale.",data/data/images_flat/2018-2019_Trentingrana__2018-09-19__P5a_323_fetta.bmp
Il formaggio ha un profumo di burro con un poco di acido.,Il formaggio ha un profumo dolciastro di cavolfiore cotto.,data/data/images_flat/2018-2019_Trentingrana__2018-09-19__P5a_323_fetta.bmp
"Il formaggio ha un profumo di brodo di carne e pane tostato, con sentore nostrano molto intenso.",Il formaggio ha un profumo lattico intenso con lievi sentori fermentati e animali.,data/data/images_flat/2018-2019_Trentingrana__2018-09-26__P1b_302_fetta.bmp
Il formaggio ha un profumo di crosta con note fruttate di mela.,Il formaggio ha un profumo di caramella mou e latte cotto.,data/data/images_flat/2018-2019_Trentingrana__2018-09-26__P1b_302_fetta.bmp
"Il formaggio ha un profumo fresco all'apertura, più stagionato spezzando i pezzi.","Il formaggio ha un profumo molto leggero, quasi impercettibile.",data/data/images_flat/2018-2019_Trentingrana__2018-09-26__P1b_302_fetta.bmp
Il formaggio ha un profumo di panna prevalente.,Il formaggio ha un profumo leggero di pane e lievito.,data/data/images_flat/2018-2019_Trentingrana__2018-09-26__P1b_302_fetta.bmp
"Il formaggio ha un profumo fresco all'apertura, più stagionato spezzando i pezzi.",Il formaggio ha un profumo leggero e poco caratterizzato.,data/data/images_flat/2018-2019_Trentingrana__2018-09-26__P1b_302_fetta.bmp
Il formaggio ha un profumo di latte cotto.,Il formaggio ha un profumo mediamente complesso con note dolciastre e mature.,data/data/images_flat/2018-2019_Trentingrana__2018-09-26__P1b_302_fetta.bmp
Il formaggio ha un profumo leggermente lattico di kefir e yogurt con nota di mais insilato.,Il formaggio ha un profumo intenso di grana.,data/data/images_flat/2018-2019_Trentingrana__2018-09-26__P1b_302_fetta.bmp
"Il formaggio ha un profumo di insilato, vegetale e balsamico con note di eucalipto all'apertura.",Il formaggio ha un profumo di burro fuso.,data/data/images_flat/2018-2019_Trentingrana__2019-03-20__P5b_316_fetta.bmp
"Il formaggio ha un profumo disomogeneo tra i diversi pezzi, da latte acidificato a latte cotto, con intensità moderata.",Il formaggio ha un profumo di panna.,data/data/images_flat/2018-2019_Trentingrana__2019-03-20__P5b_316_fetta.bmp
Il formaggio ha un profumo di burro sciolto e cotto con latte cotto e note di tostatura.,Il formaggio ha un profumo caratteristico con lieve nota pungente.,data/data/images_flat/2018-2019_Trentingrana__2019-03-20__P5b_316_fetta.bmp
Il formaggio ha un profumo poco percepibile.,Il formaggio ha un profumo di vegetale e fieno.,data/data/images_flat/2018-2019_Trentingrana__2019-03-20__P1a_302_fetta.bmp
Il formaggio ha un profumo di panna e latte con nota acida.,Il formaggio ha un profumo di panna con note di vegetale lesso.,data/data/images_flat/2018-2019_Trentingrana__2019-03-20__P1a_302_fetta.bmp
"Il formaggio ha un profumo di note vegetali lesse, cipolla passata e latte cotto.","Il formaggio ha un profumo poco intenso ma abbastanza caratteristico, con note di lattico cotto prevalenti e poco complesso.",data/data/images_flat/2018-2019_Trentingrana__2019-03-20__P1a_302_fetta.bmp
Il formaggio ha un profumo leggermente propionico.,Il formaggio ha un profumo poco intenso ma positivo.,data/data/images_flat/2018-2019_Trentingrana__2019-03-20__P1a_302_fetta.bmp
Il formaggio ha un profumo di insilato di mais dominante.,Il formaggio ha un profumo di latte e panna con intensità medio-alta.,data/data/images_flat/2018-2019_Trentingrana__2019-02-27__P5a_319_fetta.bmp
Il formaggio ha un profumo molto intenso di burro e grana.,"Il formaggio ha un profumo di moderata intensità con note lattiche, pane e tostato.",data/data/images_flat/2018-2019_Trentingrana__2019-02-27__P5a_319_fetta.bmp
Il formaggio ha un profumo leggero e poco percettibile.,Il formaggio ha un profumo di burro fuso e latte cotto.,data/data/images_flat/2018-2019_Trentingrana__2019-02-27__P5a_319_fetta.bmp
Il formaggio ha un profumo fruttato con note di muschio.,Il formaggio ha un profumo leggero.,data/data/images_flat/2018-2019_Trentingrana__2019-02-27__P5a_319_fetta.bmp
"Il formaggio ha un profumo di intensità moderata con note vegetali e di brodo su base di burro e latte, con sentori di crosta.",Il formaggio ha un profumo di verdura lessa leggeramente percettibile.,data/data/images_flat/2018-2019_Trentingrana__2019-02-27__P5a_319_fetta.bmp
"Il formaggio ha un profumo di cacao, caffè, tostato, cuoio e caramello all'apertura, seguiti da note più semplici di tostato e lattico cotto, leggermente speziato.","Il formaggio ha un profumo di burro fuso e burro cotto con brodo, mediamente intenso ed equilibrato.",data/data/images_flat/2018-2019_Trentingrana__2019-02-27__P5a_319_fetta.bmp
"Il formaggio ha un profumo di brodo, formaggio fuso e burro fuso.","Il formaggio ha un profumo inizialmente di leggera fermentazione, seguito da panna fresca, burro fresco e note fruttate.",data/data/images_flat/2018-2019_Trentingrana__2019-02-27__P5a_319_fetta.bmp
Il formaggio ha un profumo cotto e ossidato.,Il formaggio ha un profumo negativo con intensità alta.,data/data/images_flat/2018-2019_Trentingrana__2019-02-27__P3a_307_fetta.bmp
Il formaggio ha un profumo di burro e panna.,Il formaggio ha un profumo di acidi grassi.,data/data/images_flat/2018-2019_Trentingrana__2019-02-27__P3a_307_fetta.bmp
"Il formaggio ha un profumo intenso ma poco caratteristico, leggermente stantio e chiuso.","Il formaggio ha un profumo leggermente moderato con bouquet floreale e vegetale, molto delicato ed elegante.",data/data/images_flat/2018-2019_Trentingrana__2019-02-27__P3a_307_fetta.bmp
Il formaggio ha un profumo intenso con note di burro.,Il formaggio ha un profumo ossidato con punta di fermentato.,data/data/images_flat/2018-2019_Trentingrana__2019-02-27__P3a_307_fetta.bmp
Il formaggio ha un profumo forte di latte e panna cotta con note di fieno.,Il formaggio ha un profumo di cotti prevalenti con nota di caffellatte.,data/data/images_flat/2018-2019_Trentingrana__2019-02-27__P3a_307_fetta.bmp
Il formaggio ha un profumo di caramello e latte cotto.,"Il formaggio ha un profumo di latte acido, yogurt, fermentato e panna acida.",data/data/images_flat/2018-2019_Trentingrana__2019-02-27__P3a_307_fetta.bmp
Il formaggio ha un profumo leggermente lattico di kefir e yogurt con nota di mais insilato.,"Il formaggio ha un profumo prevalentemente di latte acido, panna acida e brodo.",data/data/images_flat/2018-2019_Trentingrana__2019-02-27__P3a_307_fetta.bmp
Il formaggio ha un profumo di odore animale.,Il formaggio ha un profumo vegetale balsamico.,data/data/images_flat/2018-2019_Trentingrana__2019-02-20__P1a_310_fetta.bmp
"Il formaggio ha un profumo di burro fuso, latte cotto, fruttato, tostato e verdure cotte.","Il formaggio ha un profumo di buona intensità con sentori lattei e di latte cotto, burro, poco fresco.",data/data/images_flat/2018-2019_Trentingrana__2019-02-20__P1a_310_fetta.bmp
Il formaggio ha un profumo di caramella mou e burro cotto.,Il formaggio ha un profumo di burro e panna con leggero brodo.,data/data/images_flat/2018-2019_Trentingrana__2019-02-20__P1a_310_fetta.bmp
"Il formaggio ha un profumo poco intenso e poco complesso, con note di formaggio nostrano, tendente allo scarico.",Il formaggio ha un profumo leggermente di crosta.,data/data/images_flat/2018-2019_Trentingrana__2019-02-20__P1a_310_fetta.bmp
"Il formaggio ha un profumo di latte cotto, burro, verdure lesse e leggermente di crosta di formaggio.","Il formaggio ha un profumo debole e poco percettibile, con sentore di erbaceo e leggero fermentato.",data/data/images_flat/2018-2019_Trentingrana__2019-02-20__P1a_310_fetta.bmp
Il formaggio ha un profumo leggermente di stalla.,"Il formaggio ha un profumo leggero di crosta di formaggio e cotto, con prevalenza di burro.",data/data/images_flat/2018-2019_Trentingrana__2019-02-20__P1a_310_fetta.bmp
Il formaggio ha un profumo di tostato e cuoio su base lattea con buona intensità.,"Il formaggio ha un profumo poco intenso di crosta di formaggio e acqua stagnante, con note del nostrano.",data/data/images_flat/2018-2019_Trentingrana__2019-02-20__P1a_310_fetta.bmp
Il formaggio ha un profumo di latte acido.,Il formaggio ha un profumo vegetale di cipolla e sedano.,data/data/images_flat/2018-2019_Trentingrana__2019-02-20__P1a_310_fetta.bmp
Il formaggio ha un profumo con nota animale e note aromatiche tipiche dei formaggi svizzeri tipo sbrinz.,"Il formaggio ha un profumo di fermentazione, seguito da panna, con note fruttate floreali e leggereo aroma di prodotti da forno.",data/data/images_flat/2018-2019_Trentingrana__2019-02-20__P1a_310_fetta.bmp
Il formaggio ha un profumo di latte cotto e pane bruciato.,Il formaggio ha un profumo di burro fuso con note di spezia.,data/data/images_flat/2018-2019_Trentingrana__2018-10-24__P5a_326_fetta.bmp
Il formaggio ha un profumo fruttato.,Il formaggio ha un profumo intenso di grana.,data/data/images_flat/2018-2019_Trentingrana__2018-10-24__P5a_326_fetta.bmp
Il formaggio ha un profumo fruttato con note lattiche cotte.,Il formaggio ha un profumo vegetale.,data/data/images_flat/2018-2019_Trentingrana__2018-10-24__P5a_326_fetta.bmp
Il formaggio ha un profumo di crauti.,Il formaggio ha un profumo di crosta.,data/data/images_flat/2018-2019_Trentingrana__2018-10-24__P5a_326_fetta.bmp
Il formaggio ha un profumo leggero con note vegetali e floreali.,Il formaggio ha un profumo leggermente fermentato.,data/data/images_flat/2018-2019_Trentingrana__2018-10-24__P5a_326_fetta.bmp
Il formaggio ha un profumo di brodo vegetale.,"Il formaggio ha un profumo di formaggio non tipico, svanisce rapidamente.",data/data/images_flat/2018-2019_Trentingrana__2018-10-24__P5a_326_fetta.bmp
Il formaggio ha un profumo di tostatura e note polverose.,Il formaggio ha un profumo leggero di vegetale cotto all'apertura.,data/data/images_flat/2018-2019_Trentingrana__2018-10-24__P5a_326_fetta.bmp
Il formaggio ha un profumo di latte cotto.,Il formaggio ha un profumo di latte fresco con note di frutta tropicale.,data/data/images_flat/2018-2019_Trentingrana__2018-10-24__P5a_326_fetta.bmp
Il formaggio ha un profumo di latte crudo con note fruttate.,Il formaggio ha un profumo di bruciato.,data/data/images_flat/2018-2019_Trentingrana__2018-10-24__P1a_304_fetta.bmp
Il formaggio ha un profumo con intensità contenuta di fogna.,Il formaggio ha un profumo di burro fuso e note floreali.,data/data/images_flat/2018-2019_Trentingrana__2018-10-24__P1a_304_fetta.bmp
"Il formaggio ha un profumo all'apertura di frutta e fiori, seguito da nota di panna.","Il formaggio ha un profumo di tostatura evidente, nel complesso equilibrato.",data/data/images_flat/2018-2019_Trentingrana__2018-10-24__P1a_304_fetta.bmp
Il formaggio ha un profumo anomalo alla prima olfazione.,Il formaggio ha un profumo di crosta con note fruttate di mela.,data/data/images_flat/2018-2019_Trentingrana__2018-10-24__P1a_304_fetta.bmp
Il formaggio ha un profumo di confetteria.,Il formaggio ha un profumo di formaggio maturo tendente alla sovramaturazione.,data/data/images_flat/2018-2019_Trentingrana__2018-10-24__P1a_304_fetta.bmp
Il formaggio ha un profumo di latte cotto o bruciato.,Il formaggio ha un profumo di insilato negativo.,data/data/images_flat/2018-2019_Trentingrana__2018-10-24__P1a_304_fetta.bmp
Il formaggio ha un profumo leggermente pungente.,"Il formaggio ha un profumo di crosta con note di secco, legno e fieno.",data/data/images_flat/2018-2019_Trentingrana__2018-10-24__P1a_304_fetta.bmp
Il formaggio ha un profumo mediamente intenso di latte bruciato con lieve pungenza.,Il formaggio ha un profumo di latte acido.,data/data/images_flat/2018-2019_Trentingrana__2018-10-24__P1a_304_fetta.bmp
Il formaggio ha un profumo di crauti.,Il formaggio ha un profumo di caramella mou e burro cotto.,data/data/images_flat/2018-2019_Trentingrana__2019-01-30__P6a_330_fetta.bmp
Il formaggio ha un profumo di lattico cotto e brodo predominanti.,Il formaggio ha un profumo di panna.,data/data/images_flat/2018-2019_Trentingrana__2019-01-30__P6a_330_fetta.bmp
Il formaggio ha un profumo di cacao.,Il formaggio ha un profumo di crosta.,data/data/images_flat/2018-2019_Trentingrana__2019-01-30__P6a_330_fetta.bmp
Il formaggio ha un profumo leggero di crosta e formaggio cotto.,Il formaggio ha un profumo poco marcato con leggero sentore di cotto.,data/data/images_flat/2018-2019_Trentingrana__2019-01-30__P6a_330_fetta.bmp
Il formaggio ha un profumo di latte bruciato con note di caramello e vaniglia.,"Il formaggio ha un profumo leggero fruttato e lattico cotto, con poco brodo e tostato.",data/data/images_flat/2018-2019_Trentingrana__2019-01-30__P6a_330_fetta.bmp
Il formaggio ha un profumo di grana con tostatura e note floreali.,Il formaggio ha un profumo lieve.,data/data/images_flat/2018-2019_Trentingrana__2019-01-30__P6a_330_fetta.bmp
"Il formaggio ha un profumo inizialmente diverso, poi vegetale e leggermente cotto.","Il formaggio ha un profumo di formaggio fritto, nota vegetale al bordo e latte crudo.",data/data/images_flat/2018-2019_Trentingrana__2019-01-30__P6a_330_fetta.bmp
Il formaggio ha un profumo di amido.,Il formaggio ha un profumo di frutta fermentata.,data/data/images_flat/2018-2019_Trentingrana__2019-01-30__P4a_307_fetta.bmp
"Il formaggio ha un profumo di latte cotto, burro e fruttato.",Il formaggio ha un profumo vegetale balsamico.,data/data/images_flat/2018-2019_Trentingrana__2019-01-30__P4a_307_fetta.bmp
Il formaggio ha un profumo di frutta e crosta di formaggio.,Il formaggio ha un profumo ossidato e fermentato.,data/data/images_flat/2018-2019_Trentingrana__2019-01-30__P4a_307_fetta.bmp
Il formaggio ha un profumo tostato forte.,"Il formaggio ha un profumo di brodo di carne, panna, burro leggero e note lattiche acide.",data/data/images_flat/2018-2019_Trentingrana__2019-01-30__P4a_307_fetta.bmp
"Il formaggio ha un profumo poco pulito con note pungenti, sentori di pozzo e acqua stagnante.",Il formaggio ha un profumo su base lattica delicata con aroma di formaggio quasi fermentato.,data/data/images_flat/2018-2019_Trentingrana__2019-01-30__P4a_307_fetta.bmp
Il formaggio ha un profumo leggero di cotto.,Il formaggio ha un profumo acido.,data/data/images_flat/2018-2019_Trentingrana__2019-01-30__P4a_307_fetta.bmp
Il formaggio ha un profumo leggero di cotto.,Il formaggio ha un profumo fermentato.,data/data/images_flat/2018-2019_Trentingrana__2019-01-30__P4a_307_fetta.bmp
Il formaggio ha un profumo di brodo vegetale.,Il formaggio ha un profumo di frutta fermentata.,data/data/images_flat/2018-2019_Trentingrana__2019-01-30__P4b_307_fetta.bmp
"Il formaggio ha un profumo di fumo, nocciola e frutta matura.",Il formaggio ha un profumo vegetale balsamico.,data/data/images_flat/2018-2019_Trentingrana__2019-01-30__P4b_307_fetta.bmp
Il formaggio ha un profumo molto intenso di frutta tropicale con note di ananas.,Il formaggio ha un profumo ossidato e fermentato.,data/data/images_flat/2018-2019_Trentingrana__2019-01-30__P4b_307_fetta.bmp
Il formaggio ha un profumo molto leggero e fugace.,"Il formaggio ha un profumo di brodo di carne, panna, burro leggero e note lattiche acide.",data/data/images_flat/2018-2019_Trentingrana__2019-01-30__P4b_307_fetta.bmp
Il formaggio ha un profumo tendente allo stallatico.,Il formaggio ha un profumo su base lattica delicata con aroma di formaggio quasi fermentato.,data/data/images_flat/2018-2019_Trentingrana__2019-01-30__P4b_307_fetta.bmp
Il formaggio ha un profumo debole di frutta matura.,Il formaggio ha un profumo acido.,data/data/images_flat/2018-2019_Trentingrana__2019-01-30__P4b_307_fetta.bmp
Il formaggio ha un profumo di intensità media con note lattee tendenti al cotto e alla maturazione.,Il formaggio ha un profumo fermentato.,data/data/images_flat/2018-2019_Trentingrana__2019-01-30__P4b_307_fetta.bmp
Il formaggio ha un profumo di ananas e caramello.,Il formaggio ha un profumo scarico.,data/data/images_flat/2019-2020_Trentingrana__III bimestre__20-11-2019_12° Seduta__P5a_TN328_Fetta.bmp
"Il formaggio ha un profumo fermentato, marcio e putrido.",Il formaggio ha un profumo vegetale.,data/data/images_flat/2019-2020_Trentingrana__III bimestre__20-11-2019_12° Seduta__P5a_TN328_Fetta.bmp
Il formaggio ha un profumo fermentato e pungente.,Il formaggio ha un profumo di fieno greco.,data/data/images_flat/2019-2020_Trentingrana__III bimestre__11-12-2019_16° Seduta__P1a_TN302_Fetta.bmp
Il formaggio ha un profumo di burro cotto e formaggio cotto.,Il formaggio ha un profumo presente all'apertura.,data/data/images_flat/2019-2020_Trentingrana__III bimestre__11-12-2019_16° Seduta__P6b_TN326_Fetta.bmp
Il formaggio ha un profumo di panna e burro.,Il formaggio ha un profumo molto tenue.,data/data/images_flat/2019-2020_Trentingrana__III bimestre__11-12-2019_16° Seduta__P6b_TN326_Fetta.bmp
Il formaggio ha un profumo di nocciola.,Il formaggio ha un profumo poco intenso e poco complesso.,data/data/images_flat/2019-2020_Trentingrana__III bimestre__11-12-2019_16° Seduta__P6b_TN326_Fetta.bmp
Il formaggio ha un profumo di tostatura e note polverose.,Il formaggio ha un profumo poco intenso.,data/data/images_flat/2019-2020_Trentingrana__IV bimestre__08-01-2020_18° Seduta__P4a_TN328_Fetta.bmp
Il formaggio ha un profumo di latte cotto e panna cotta con intensità medio-alta.,Il formaggio ha un profumo poco intenso.,data/data/images_flat/2019-2020_Trentingrana__IV bimestre__08-01-2020_18° Seduta__P4b_TN328_Fetta.bmp
Il formaggio ha un profumo quasi acetico.,Il formaggio ha un profumo leggero.,data/data/images_flat/2019-2020_Trentingrana__IV bimestre__08-01-2020_18° Seduta__P6a_TN338_Fetta.bmp
Il formaggio ha un profumo leggermente cipollato.,Il formaggio ha un profumo di limone ammuffito.,data/data/images_flat/2019-2020_Trentingrana__IV bimestre__19-02-2020_24° Seduta__P6a_TN319_Fetta.bmp
Il formaggio ha un profumo leggermente cotto con nota negativa.,Il formaggio ha un profumo di pane e lievito.,data/data/images_flat/2019-2020_Trentingrana__IV bimestre__19-02-2020_24° Seduta__P1a_TN302_Fetta.bmp
Il formaggio ha un profumo di tostatura e note polverose.,Il formaggio ha un profumo sgradevole di grasso animale ossidato all'apertura.,data/data/images_flat/2019-2020_Trentingrana__IV bimestre__19-02-2020_24° Seduta__P1a_TN302_Fetta.bmp
Il formaggio ha un profumo intenso di latte cotto e nota nostrana leggera.,"Il formaggio ha un profumo con nota bruciata, poco intenso.",data/data/images_flat/2019-2020_Trentingrana__IV bimestre__15-01-2020_19° Seduta__P2a_TN306_Fetta.bmp
Il formaggio ha un profumo vegetale con note di burro fresco.,Il formaggio ha un profumo intenso.,data/data/images_flat/2019-2020_Trentingrana__IV bimestre__05-02-2020_22° Seduta__P5a_TN323_Fetta.bmp
"Il formaggio ha un profumo di lattici cotti e tostati, con note di caffè piuttosto decise.",Il formaggio ha un profumo di tostato e cotto.,data/data/images_flat/2019-2020_Trentingrana__IV bimestre__29-01-2020_21° Seduta__P5b_TN323_Fetta.bmp
Il formaggio ha un profumo di bruciato e crosta.,Il formaggio ha un profumo di caffè e cacao amaro.,data/data/images_flat/2019-2020_Trentingrana__I bimestre__18-09-2019_3°Seduta__P1b_TN311_Fetta.bmp
Il formaggio ha un profumo di ananas e pompelmo.,Il formaggio ha un profumo di erbe balsamiche.,data/data/images_flat/2019-2020_Trentingrana__I bimestre__18-09-2019_3°Seduta__P1b_TN323_Fetta.bmp
Il formaggio ha un profumo di burro fuso e note floreali.,Il formaggio ha un profumo acre.,data/data/images_flat/2019-2020_Trentingrana__I bimestre__25-09-2019_4°Seduta__P6b_TN338_Fetta.bmp
Il formaggio ha un profumo leggero di cotto.,Il formaggio ha un profumo di solvente e acetone.,data/data/images_flat/2019-2020_Trentingrana__II bimestre__23-10-2019_8°Seduta__P5a_TN316_Fetta.bmp
"Il formaggio ha un profumo di cotto, leggermente ossidato, burro fuso.",Il formaggio ha un profumo di uovo sodo e zolfo.,data/data/images_flat/2019-2020_Trentingrana__II bimestre__30-10-2019_9°Seduta__P5a_TN328_Fetta.bmp
"Il formaggio ha un profumo di brodo di carne, latte cotto, burro fuso, nocciola e tostato.",Il formaggio ha un profumo di caffè.,data/data/images_flat/2019-2020_Trentingrana__II bimestre__06-11-2019_10°Seduta__P3b_TN313_Fetta.bmp
Il formaggio ha un profumo di intensità moderata.,Il formaggio ha un profumo di caffè.,data/data/images_flat/2019-2020_Trentingrana__II bimestre__06-11-2019_10°Seduta__P3a_TN313_Fetta.bmp
Il formaggio ha un profumo di crema e caramello.,Il formaggio ha un profumo poco intenso.,data/data/images_flat/2019-2020_Trentingrana__II bimestre__06-11-2019_10°Seduta__P6b_TN330_Fetta.bmp
Il formaggio ha un profumo cotto e ossidato.,Il formaggio ha un profumo di plastica bruciata all'apertura.,data/data/images_flat/2021-2022_Trentingrana__13° Seduta_19-01-2022__P3a_TN319_837_fetta.bmp
Il formaggio ha un profumo leggero.,Il formaggio ha un profumo di liquirizia e radice.,data/data/images_flat/2021-2022_Trentingrana__13° Seduta_19-01-2022__P3a_TN319_837_fetta.bmp
"Il formaggio ha un profumo leggero con sentori maturi, cotti e tostati, poco fresco.",Il formaggio ha un profumo percettibile all'apertura.,data/data/images_flat/2021-2022_Trentingrana__15° Seduta_02-02-2022__P6b_TN328_865_fetta.bmp
"Il formaggio ha un profumo di emmental senza difetti, non tipico.",Il formaggio ha un profumo percettibile all'apertura.,data/data/images_flat/2021-2022_Trentingrana__15° Seduta_02-02-2022__P6a_TN328_865_fetta.bmp
Il formaggio ha un profumo impercettibile.,Il formaggio ha un profumo con leggera nota animale.,data/data/images_flat/2021-2022_Trentingrana__26° Seduta_18-05-2022__P3a_TN311_657_fetta.bmp
Il formaggio ha un profumo molto intenso di grana con leggera tostatura e note floreali.,Il formaggio ha un profumo di minerale e roccia.,data/data/images_flat/2021-2022_Trentingrana__26° Seduta_18-05-2022__P2a_TN304_234_fetta.bmp
Il formaggio ha un profumo di crosta cotta con note di verdura lessa.,Il formaggio ha un profumo di eucalipto.,data/data/images_flat/2021-2022_Trentingrana__8° Seduta_24-11-2021__P1a_TN302_972_Fetta.bmp
Il formaggio ha un profumo di caffè.,"Il formaggio ha un profumo di cavolo, più evidente all'apertura.",data/data/images_flat/2021-2022_Trentingrana__17° Seduta_16-02-2022__P6a_TN328_738_fetta.bmp
"Il formaggio ha un profumo di burro fuso e burro cotto con brodo, mediamente intenso ed equilibrato.",Il formaggio ha un profumo di muffa bianca.,data/data/images_flat/2021-2022_Trentingrana__17° Seduta_16-02-2022__P6a_TN328_738_fetta.bmp
Il formaggio ha un profumo fresco.,Il formaggio ha un profumo marcio.,data/data/images_flat/2021-2022_Trentingrana__6° Seduta_10-11-2021__P1_TN302_680_FETTA_A.bmp
Il formaggio ha un profumo cotto.,Il formaggio ha un profumo marcio.,data/data/images_flat/2021-2022_Trentingrana__6° Seduta_10-11-2021__P1a_TN302_680_Fetta.bmp
Il formaggio ha un profumo lattico dominante con burro fresco.,Il formaggio ha un profumo di crauti.,data/data/images_flat/2021-2022_Trentingrana__9° Seduta_01-12-2021__P3a_TN314_685_Fetta.bmp
