caption_pred,caption_ref,image_path
La crosta del formaggio presenta spigoli pronunciati.,La crosta del formaggio presenta uno spessore diverso tra i due scalzi.,data/data/images_flat/2020-2021_Trentingrana__VI bimestre__29°Seduta_07-04-2021__P3_TN_307_759_A_FETTA.bmp
La crosta del formaggio presenta un colore rossastro su un piatto.,La crosta del formaggio è spessa.,data/data/images_flat/2020-2021_Trentingrana__VI bimestre__29°Seduta_07-04-2021__P3_TN_307_759_A_FETTA.bmp
La crosta del formaggio presenta una sottocrosta grigiastra.,La crosta del formaggio è spessa.,data/data/images_flat/2020-2021_Trentingrana__VI bimestre__29°Seduta_07-04-2021__P1_TN_302_851_B_FETTA.bmp
La crosta del formaggio presenta una sottocrosta grigiastra.,La crosta del formaggio è sottile.,data/data/images_flat/2020-2021_Trentingrana__III bimestre__11°Seduta_19-11-2020__P4_TN319_793b_fetta.bmp
La crosta del formaggio presenta una sottocrosta grigiastra.,La crosta del formaggio presenta uno scalzo irregolare e sottocrosta poco definita.,data/data/images_flat/2020-2021_Trentingrana__III bimestre__12°Seduta_25-11-2020___P6_TN330_714_FETTA_A.bmp
La crosta del formaggio presenta una sottocrosta grigiastra.,La crosta del formaggio presenta un sottopiatto tendente al verde.,data/data/images_flat/2020-2021_Trentingrana__III bimestre__15°Seduta_16-12-2020__P3_TN314_525_FETTA_A.bmp
La crosta del formaggio presenta angoli e scalzo ben definiti.,La crosta del formaggio presenta uno scalzo irregolare.,data/data/images_flat/2020-2021_Trentingrana__IV bimestre__21°Seduta_10-02-2021__P5_TN323_892_FETTA_B.bmp
La crosta del formaggio presenta una sottocrosta grigiastra.,La crosta del formaggio presenta uno scalzo e parte piatta irregolari.,data/data/images_flat/2020-2021_Trentingrana__IV bimestre__21°Seduta_10-02-2021__P2_TN306_938_FETTA_A.bmp
La crosta del formaggio presenta uno scalzo pronunciato.,La crosta del formaggio è sottile con ampio sviluppo laterale.,data/data/images_flat/2020-2021_Trentingrana__IV bimestre__21°Seduta_10-02-2021__P2_TN306_938_FETTA_A.bmp
La crosta del formaggio presenta spigoli pronunciati.,"La crosta del formaggio presenta una parte piatta sottile e altro lato più spesso, spigoli pronunciati.",data/data/images_flat/2020-2021_Trentingrana__I bimestre__23-09-2020_4° Seduta__P3b_TN307_Fetta.bmp
La crosta del formaggio presenta una sottocrosta grigiastra.,La crosta del formaggio presenta angoli pronunciati.,data/data/images_flat/2020-2021_Trentingrana__II bimestre__21-10-2020_8°Seduta__P6B_TN330_165FETTA.bmp
La crosta del formaggio presenta un colore rossastro da un lato e tendente al grigio sull'altro.,La crosta del formaggio è chiara.,data/data/images_flat/2020-2021_Trentingrana__II bimestre__21-10-2020_8°Seduta__P6B_TN330_165FETTA.bmp
La crosta del formaggio è sfumata e mediamente spessa.,"La crosta del formaggio è mediamente spessa, sfumata su una base scura.",data/data/images_flat/2018-2019_Trentingrana__2019-01-16__P4a_319_fetta.bmp
La crosta del formaggio è molto sottile.,La crosta del formaggio è mediamente spessa con limite sfumato.,data/data/images_flat/2018-2019_Trentingrana__2019-01-16__P4a_319_fetta.bmp
La crosta del formaggio è sfumata e sottile.,"La crosta del formaggio è sottile e molto fine sulla parte piatta, spessa sugli scalzi.",data/data/images_flat/2018-2019_Trentingrana__2019-01-16__P4a_319_fetta.bmp
La crosta del formaggio è molto sottile.,La crosta del formaggio è sottile.,data/data/images_flat/2018-2019_Trentingrana__2019-01-16__P4a_319_fetta.bmp
La crosta del formaggio è mediamente spessa.,La crosta del formaggio è molto sottile sulla faccia superiore.,data/data/images_flat/2018-2019_Trentingrana__2019-01-16__P4a_319_fetta.bmp
La crosta del formaggio è sfumata con spigoli accentuati e spessore sottile.,"La crosta del formaggio è grossa negli scalzi, molto sottile nella parte piatta.",data/data/images_flat/2018-2019_Trentingrana__2019-01-16__P4a_319_fetta.bmp
"La crosta del formaggio presenta un colore di fondo carico, poco contrastato.","La crosta del formaggio è molto sottile, con spessore disomogeneo nei due lati.",data/data/images_flat/2018-2019_Trentingrana__2019-01-16__P3a_316_fetta.bmp
La crosta del formaggio è sottile.,"La crosta del formaggio presenta piatti difformi, uno sottile e netto, l'altro con sfumature e spesso.",data/data/images_flat/2018-2019_Trentingrana__2019-01-16__P3a_316_fetta.bmp
"La crosta del formaggio presenta uno spessore variabile tra scalzi e parti piatte, mediamente sottile.",La crosta del formaggio è regolare.,data/data/images_flat/2018-2019_Trentingrana__2019-01-16__P3a_316_fetta.bmp
La crosta del formaggio è mediamente spessa.,La crosta del formaggio è mediamente spessa.,data/data/images_flat/2018-2019_Trentingrana__2019-01-16__P3a_316_fetta.bmp
La crosta del formaggio è sottile.,La crosta del formaggio è sottile.,data/data/images_flat/2018-2019_Trentingrana__2019-01-16__P3a_316_fetta.bmp
La crosta del formaggio è mediamente spessa.,La crosta del formaggio è sottile su una faccia.,data/data/images_flat/2018-2019_Trentingrana__2019-01-16__P3a_316_fetta.bmp
La crosta del formaggio è sottile.,La crosta del formaggio è sottile.,data/data/images_flat/2018-2019_Trentingrana__2019-01-16__P3a_316_fetta.bmp
La crosta del formaggio è sottile.,La crosta del formaggio è sottile.,data/data/images_flat/2018-2019_Trentingrana__2019-01-16__P3a_316_fetta.bmp
La crosta del formaggio è sottile.,La crosta del formaggio è mediamente spessa.,data/data/images_flat/2018-2019_Trentingrana__2019-01-16__P2b_313_fetta.bmp
La crosta del formaggio è sottile.,La crosta del formaggio è spessa agli angoli.,data/data/images_flat/2018-2019_Trentingrana__2019-01-16__P2b_313_fetta.bmp
La crosta del formaggio è sottile.,La crosta del formaggio è spessa con sottocrosta molto marcato.,data/data/images_flat/2018-2019_Trentingrana__2019-01-16__P2b_313_fetta.bmp
La crosta del formaggio è mediamente spessa.,La crosta del formaggio è mediamente spessa.,data/data/images_flat/2018-2019_Trentingrana__2019-01-16__P2b_313_fetta.bmp
La crosta del formaggio è mediamente spessa.,La crosta del formaggio è spessa.,data/data/images_flat/2018-2019_Trentingrana__2019-01-16__P2b_313_fetta.bmp
La crosta del formaggio è sottile.,"La crosta del formaggio presenta una parte piatta e scalzo ben definiti, spessore medio e spigoli pronunciati.",data/data/images_flat/2018-2019_Trentingrana__2018-10-03__P6b_330_fetta.bmp
La crosta del formaggio è mediamente spessa.,La crosta del formaggio è mediamente spessa.,data/data/images_flat/2018-2019_Trentingrana__2018-10-03__P6b_330_fetta.bmp
La crosta del formaggio è mediamente spessa.,La crosta del formaggio è spessa.,data/data/images_flat/2018-2019_Trentingrana__2018-10-03__P6b_330_fetta.bmp
La crosta del formaggio presenta uno spessore sottile e mediamente spesso.,La crosta del formaggio è regolare.,data/data/images_flat/2018-2019_Trentingrana__2018-10-03__P6b_330_fetta.bmp
La crosta del formaggio presenta uno spessore medio e uniforme.,La crosta del formaggio è sottile.,data/data/images_flat/2018-2019_Trentingrana__2018-10-03__P6b_330_fetta.bmp
La crosta del formaggio è mediamente spessa.,"La crosta del formaggio è sottile, di colore chiaro.",data/data/images_flat/2018-2019_Trentingrana__2018-10-03__P6b_330_fetta.bmp
La crosta del formaggio è mediamente spessa.,La crosta del formaggio è sottile.,data/data/images_flat/2018-2019_Trentingrana__2018-10-03__P6b_330_fetta.bmp
"La crosta del formaggio presenta uno spessore variabile tra scalzi e parti piatte, mediamente sottile.",La crosta del formaggio è mediamente spessa.,data/data/images_flat/2018-2019_Trentingrana__2018-10-03__P6b_330_fetta.bmp
La crosta del formaggio è mediamente spessa.,"La crosta del formaggio presenta una parte piatta e scalzo mediamente spessi, spigoli pronunciati.",data/data/images_flat/2018-2019_Trentingrana__2018-10-03__P2b_305_fetta.bmp
La crosta del formaggio presenta uno spessore variabile: sottile da un lato e molto sottile.,La crosta del formaggio presenta unghia marcata sugli scalzi.,data/data/images_flat/2018-2019_Trentingrana__2018-10-03__P2b_305_fetta.bmp
La crosta del formaggio è sottile.,La crosta del formaggio è mediamente spessa.,data/data/images_flat/2018-2019_Trentingrana__2018-10-03__P2b_305_fetta.bmp
La crosta del formaggio è sfumata con spigoli accentuati e spessore sottile.,"La crosta del formaggio è sottile, di colore chiaro.",data/data/images_flat/2018-2019_Trentingrana__2018-10-03__P2b_305_fetta.bmp
La crosta del formaggio è sottile.,La crosta del formaggio è sottile.,data/data/images_flat/2018-2019_Trentingrana__2018-10-03__P2b_305_fetta.bmp
"La crosta del formaggio presenta una parte piatta e scalzo sottile, spigoli spessi.","La crosta del formaggio presenta una parte piatta e scalzo mediamente spessi, spigoli pronunciati.",data/data/images_flat/2018-2019_Trentingrana__2018-10-03__P2a_305_fetta.bmp
La crosta del formaggio è mediamente spessa.,La crosta del formaggio presenta unghia marcata sugli scalzi.,data/data/images_flat/2018-2019_Trentingrana__2018-10-03__P2a_305_fetta.bmp
"La crosta del formaggio presenta uno spessore variabile tra scalzi e parti piatte, mediamente sottile.",La crosta del formaggio è mediamente spessa.,data/data/images_flat/2018-2019_Trentingrana__2018-10-03__P2a_305_fetta.bmp
La crosta del formaggio presenta spigoli marcati.,"La crosta del formaggio è sottile, di colore chiaro.",data/data/images_flat/2018-2019_Trentingrana__2018-10-03__P2a_305_fetta.bmp
La crosta del formaggio presenta spigoli marcati.,La crosta del formaggio è sottile.,data/data/images_flat/2018-2019_Trentingrana__2018-10-03__P2a_305_fetta.bmp
La crosta del formaggio presenta una parte piatta molto sottile e resto mediamente spesso.,"La crosta del formaggio presenta uno spessore medio, sottile.",data/data/images_flat/2018-2019_Trentingrana__2019-02-06__P3b_306_fetta.bmp
La crosta del formaggio è molto sottile.,"La crosta del formaggio presenta unghia marcata, spessore non marcato.",data/data/images_flat/2018-2019_Trentingrana__2019-02-06__P3b_306_fetta.bmp
La crosta del formaggio è sottile.,La crosta del formaggio è sottile.,data/data/images_flat/2018-2019_Trentingrana__2019-02-06__P3b_306_fetta.bmp
La crosta del formaggio presenta uno spessore più marcato negli angoli e parte piatta mediamente spessa.,La crosta del formaggio è sottile e omogenea.,data/data/images_flat/2018-2019_Trentingrana__2019-02-06__P3b_306_fetta.bmp
La crosta del formaggio è mediamente spessa.,La crosta del formaggio è molto sottile.,data/data/images_flat/2018-2019_Trentingrana__2019-02-06__P3b_306_fetta.bmp
La crosta del formaggio è sottile.,La crosta del formaggio è spessa.,data/data/images_flat/2018-2019_Trentingrana__2019-02-06__P3b_306_fetta.bmp
La crosta del formaggio è sottile.,"La crosta del formaggio è irregolare e sfumata, mediamente spessa.",data/data/images_flat/2018-2019_Trentingrana__2019-03-06__P5a_319_fetta.bmp
La crosta del formaggio è sottile.,"La crosta del formaggio è molto sottile sulla parte piatta, più spessa sugli scalzi, con unghia marcata.",data/data/images_flat/2018-2019_Trentingrana__2019-03-06__P5a_319_fetta.bmp
La crosta del formaggio è molto spessa.,La crosta del formaggio presenta uno spessore variabile: parte sottile e zona piatta meno marcata.,data/data/images_flat/2018-2019_Trentingrana__2019-03-06__P5a_319_fetta.bmp
La crosta del formaggio è mediamente spessa.,La crosta del formaggio è mediamente spessa.,data/data/images_flat/2018-2019_Trentingrana__2019-03-06__P5a_319_fetta.bmp
La crosta del formaggio è molto spessa.,La crosta del formaggio è sfumata e sottile.,data/data/images_flat/2018-2019_Trentingrana__2019-03-06__P6b_323_fetta.bmp
La crosta del formaggio è mediamente spessa.,La crosta del formaggio è mediamente spessa.,data/data/images_flat/2018-2019_Trentingrana__2019-03-06__P6b_323_fetta.bmp
La crosta del formaggio è mediamente spessa.,La crosta del formaggio è spessa agli scalzi.,data/data/images_flat/2018-2019_Trentingrana__2019-03-06__P6b_323_fetta.bmp
La crosta del formaggio è mediamente spessa.,La crosta del formaggio è sottile.,data/data/images_flat/2018-2019_Trentingrana__2019-03-06__P6b_323_fetta.bmp
La crosta del formaggio è mediamente spessa.,La crosta del formaggio è spessa.,data/data/images_flat/2018-2019_Trentingrana__2019-03-06__P6b_323_fetta.bmp
La crosta del formaggio è molto sottile.,La crosta del formaggio è sfumata e sottile.,data/data/images_flat/2018-2019_Trentingrana__2018-11-21__P1a_302_fetta.bmp
La crosta del formaggio è mediamente spessa.,La crosta del formaggio è regolare.,data/data/images_flat/2018-2019_Trentingrana__2018-11-21__P1a_302_fetta.bmp
La crosta del formaggio è sottile.,La crosta del formaggio è mediamente spessa.,data/data/images_flat/2018-2019_Trentingrana__2018-11-21__P1a_302_fetta.bmp
La crosta del formaggio presenta uno spessore medio e uniforme.,"La crosta del formaggio è sottile e piatta, con colore più intenso in sottocrosta.",data/data/images_flat/2018-2019_Trentingrana__2018-11-21__P1a_302_fetta.bmp
La crosta del formaggio è sottile.,La crosta del formaggio è variabile tra parti piatte e scalzo.,data/data/images_flat/2018-2019_Trentingrana__2018-11-21__P1a_302_fetta.bmp
La crosta del formaggio è molto sottile.,La crosta del formaggio è sottile nelle parti piatte e leggermente più spessa negli scalzi.,data/data/images_flat/2018-2019_Trentingrana__2018-11-21__P1a_302_fetta.bmp
La crosta del formaggio è sottile.,La crosta del formaggio è sottile.,data/data/images_flat/2018-2019_Trentingrana__2018-11-21__P6a_323_fetta.bmp
La crosta del formaggio è sottile.,La crosta del formaggio è mediamente spessa.,data/data/images_flat/2018-2019_Trentingrana__2018-11-21__P6a_323_fetta.bmp
La crosta del formaggio è mediamente spessa.,La crosta del formaggio è mediamente spessa.,data/data/images_flat/2018-2019_Trentingrana__2018-11-21__P6a_323_fetta.bmp
La crosta del formaggio è sottile.,La crosta del formaggio è sottile.,data/data/images_flat/2018-2019_Trentingrana__2018-11-21__P6a_323_fetta.bmp
La crosta del formaggio è sottile.,La crosta del formaggio è spessa.,data/data/images_flat/2018-2019_Trentingrana__2018-11-21__P6a_323_fetta.bmp
La crosta del formaggio è mediamente spessa.,"La crosta del formaggio è di spessore medio, con profilo indefinito.",data/data/images_flat/2018-2019_Trentingrana__2018-09-12__P4b_314_fetta.bmp
La crosta del formaggio è mediamente spessa.,"La crosta del formaggio è mediamente spessa, soprattutto agli angoli.",data/data/images_flat/2018-2019_Trentingrana__2018-09-12__P4b_314_fetta.bmp
La crosta del formaggio è mediamente spessa.,La crosta del formaggio è spessa.,data/data/images_flat/2018-2019_Trentingrana__2018-09-12__P4b_314_fetta.bmp
"La crosta del formaggio presenta una parte piatta e scalzo sottile, spigoli molto spessi.",La crosta del formaggio è sottile.,data/data/images_flat/2018-2019_Trentingrana__2018-09-12__P4b_314_fetta.bmp
La crosta del formaggio è sottile.,La crosta del formaggio è mediamente spessa.,data/data/images_flat/2018-2019_Trentingrana__2018-09-12__P4b_314_fetta.bmp
La crosta del formaggio presenta uno spessore medio e spigoli pronunciati.,"La crosta del formaggio presenta uno scalzo e parti piatte mediamente spesse, spigoli molto spessi e spessore medio.",data/data/images_flat/2018-2019_Trentingrana__2018-09-12__P1a_304_fetta.bmp
La crosta del formaggio è mediamente spessa.,La crosta del formaggio è mediamente spessa.,data/data/images_flat/2018-2019_Trentingrana__2018-09-12__P1a_304_fetta.bmp
La crosta del formaggio presenta uno spessore più marcato sulla parte piatta.,La crosta del formaggio è spessa.,data/data/images_flat/2018-2019_Trentingrana__2018-09-12__P1a_304_fetta.bmp
"La crosta del formaggio presenta una parte piatta e scalzo mediamente spessi, spigoli pronunciati.",La crosta del formaggio è sottile.,data/data/images_flat/2018-2019_Trentingrana__2018-09-12__P1a_304_fetta.bmp
La crosta del formaggio è mediamente spessa.,"La crosta del formaggio è molto sottile, molto chiara.",data/data/images_flat/2018-2019_Trentingrana__2018-09-12__P1a_304_fetta.bmp
"La crosta del formaggio è mediamente spessa, di colore chiaro.",La crosta del formaggio è piuttosto spessa.,data/data/images_flat/2018-2019_Trentingrana__2018-09-12__P1a_304_fetta.bmp
La crosta del formaggio è mediamente spessa.,"La crosta del formaggio è sfumata, irregolare e mediamente spessa.",data/data/images_flat/2018-2019_Trentingrana__2019-04-03__P2b_314_fetta.bmp
La crosta del formaggio è mediamente spessa.,La crosta del formaggio presenta uno spessore variabile da un lato all'altro.,data/data/images_flat/2018-2019_Trentingrana__2019-04-03__P2b_314_fetta.bmp
La crosta del formaggio è sottile.,La crosta del formaggio è sfumata e molto spessa.,data/data/images_flat/2018-2019_Trentingrana__2019-04-03__P2b_314_fetta.bmp
La crosta del formaggio è sottile.,La crosta del formaggio è mediamente spessa con unghia marcata e colore bruno.,data/data/images_flat/2018-2019_Trentingrana__2019-04-03__P2b_314_fetta.bmp
La crosta del formaggio è sottile.,La crosta del formaggio è mediamente spessa.,data/data/images_flat/2018-2019_Trentingrana__2019-04-03__P2b_314_fetta.bmp
La crosta del formaggio è sottile.,"La crosta del formaggio presenta spigoli molto pronunciati, in uno con fine occhiatura.",data/data/images_flat/2018-2019_Trentingrana__2019-04-03__P2b_314_fetta.bmp
La crosta del formaggio è sottile.,La crosta del formaggio è sottile.,data/data/images_flat/2018-2019_Trentingrana__2019-04-03__P2b_314_fetta.bmp
La crosta del formaggio è sottile.,La crosta del formaggio è sfumata con spessore medio.,data/data/images_flat/2018-2019_Trentingrana__2019-04-03__P4a_323_fetta.bmp
"La crosta del formaggio presenta uno spessore irregolare, più marcato su un lato.",La crosta del formaggio è mediamente spessa.,data/data/images_flat/2018-2019_Trentingrana__2019-04-03__P4a_323_fetta.bmp
La crosta del formaggio è sottile.,La crosta del formaggio è mediamente spessa.,data/data/images_flat/2018-2019_Trentingrana__2019-04-03__P4a_323_fetta.bmp
La crosta del formaggio è mediamente spessa.,La crosta del formaggio è mediamente spessa.,data/data/images_flat/2018-2019_Trentingrana__2019-04-03__P4a_323_fetta.bmp
La crosta del formaggio presenta uno spessore medio e uniforme.,La crosta del formaggio è molto sottile.,data/data/images_flat/2018-2019_Trentingrana__2019-04-03__P4a_323_fetta.bmp
La crosta del formaggio presenta uno spessore più marcato su un lato.,"La crosta del formaggio presenta una sottocrosta dal colore carico, più evidente sulla parte piatta.",data/data/images_flat/2018-2019_Trentingrana__2019-03-13__P6a_330_fetta.bmp
La crosta del formaggio è spessa.,"La crosta del formaggio è sempre mediamente spessa, con parte piatta molto spessa.",data/data/images_flat/2018-2019_Trentingrana__2019-03-13__P6a_330_fetta.bmp
La crosta del formaggio è mediamente spessa.,La crosta del formaggio è mediamente spessa con unghia marcata.,data/data/images_flat/2018-2019_Trentingrana__2019-03-13__P6a_330_fetta.bmp
La crosta del formaggio è mediamente spessa.,La crosta del formaggio è sottile.,data/data/images_flat/2018-2019_Trentingrana__2019-03-13__P6a_330_fetta.bmp
La crosta del formaggio è spessa.,"La crosta del formaggio è spessa, più marcata su una faccia.",data/data/images_flat/2018-2019_Trentingrana__2019-03-13__P6a_330_fetta.bmp
La crosta del formaggio è mediamente spessa.,La crosta del formaggio presenta spigoli molto pronunciati.,data/data/images_flat/2018-2019_Trentingrana__2019-03-13__P6a_330_fetta.bmp
La crosta del formaggio è mediamente spessa.,"La crosta del formaggio è piuttosto spessa, soprattutto sugli scalzi.",data/data/images_flat/2018-2019_Trentingrana__2019-03-13__P6a_330_fetta.bmp
La crosta del formaggio è mediamente spessa.,La crosta del formaggio presenta uno spessore pronunciato sugli scalzi e angoli.,data/data/images_flat/2018-2019_Trentingrana__2019-03-13__P3b_307_fetta.bmp
La crosta del formaggio è mediamente spessa.,La crosta del formaggio presenta parti piatte ben definite.,data/data/images_flat/2018-2019_Trentingrana__2019-03-13__P3b_307_fetta.bmp
La crosta del formaggio presenta una parte piatta molto sottile e resto mediamente spesso.,La crosta del formaggio è regolare.,data/data/images_flat/2018-2019_Trentingrana__2019-03-13__P3b_307_fetta.bmp
La crosta del formaggio è spessa.,La crosta del formaggio è mediamente spessa.,data/data/images_flat/2018-2019_Trentingrana__2019-03-13__P3b_307_fetta.bmp
La crosta del formaggio è sottile.,La crosta del formaggio è abbastanza sottile.,data/data/images_flat/2018-2019_Trentingrana__2019-03-13__P3b_307_fetta.bmp
La crosta del formaggio è sottile.,La crosta del formaggio presenta uno spessore diverso tra le parti piatte e gli scalzi più sottili.,data/data/images_flat/2018-2019_Trentingrana__2019-03-13__P3b_307_fetta.bmp
La crosta del formaggio presenta una sottocrosta rosa.,La crosta del formaggio è di spessore medio.,data/data/images_flat/2018-2019_Trentingrana__2019-03-13__P3b_307_fetta.bmp
La crosta del formaggio è sottile.,"La crosta del formaggio è mediamente spessa con spigoli molto accentuati, limite con la pasta poco distinguibile.",data/data/images_flat/2018-2019_Trentingrana__2018-11-28__P1b_302_fetta.bmp
La crosta del formaggio presenta uno spessore più marcato su un lato.,La crosta del formaggio presenta parti piatte ben definite.,data/data/images_flat/2018-2019_Trentingrana__2018-11-28__P1b_302_fetta.bmp
La crosta del formaggio è sottile.,La crosta del formaggio è molto sottile.,data/data/images_flat/2018-2019_Trentingrana__2018-11-28__P1b_302_fetta.bmp
"La crosta del formaggio presenta uno spessore variabile, mediamente spesso.","La crosta del formaggio presenta una parte piatta sfumata, spessore medio al piatto e scalzo, spigoli pronunciati.",data/data/images_flat/2018-2019_Trentingrana__2018-10-10__P3b_310_fetta.bmp
"La crosta del formaggio presenta uno spessore variabile, mediamente spesso.",La crosta del formaggio è mediamente spessa con sottocrosta aranciata.,data/data/images_flat/2018-2019_Trentingrana__2018-10-10__P3b_310_fetta.bmp
La crosta del formaggio presenta parti piatte sottili.,La crosta del formaggio è abbastanza spessa.,data/data/images_flat/2018-2019_Trentingrana__2018-10-10__P3b_310_fetta.bmp
La crosta del formaggio presenta uno spessore più marcato sulla parte piatta.,La crosta del formaggio presenta uno spessore disomogeneo tra le due facce.,data/data/images_flat/2018-2019_Trentingrana__2018-10-10__P3b_310_fetta.bmp
La crosta del formaggio è mediamente spessa.,"La crosta del formaggio presenta uno spessore sottile, più marcato sulla parte piatta.",data/data/images_flat/2018-2019_Trentingrana__2018-10-10__P3b_310_fetta.bmp
La crosta del formaggio è mediamente spessa.,La crosta del formaggio è mediamente spessa.,data/data/images_flat/2018-2019_Trentingrana__2018-10-10__P3b_310_fetta.bmp
La crosta del formaggio è mediamente spessa.,"La crosta del formaggio presenta una parte piatta e scalzo mediamente spessi, spigoli pronunciati.",data/data/images_flat/2018-2019_Trentingrana__2018-10-10__P6a_330_fetta.bmp
La crosta del formaggio è mediamente spessa.,La crosta del formaggio è mediamente spessa.,data/data/images_flat/2018-2019_Trentingrana__2018-10-10__P6a_330_fetta.bmp
La crosta del formaggio presenta una parte piatta molto sottile e spigoli pronunciati.,"La crosta del formaggio è mediamente spessa nella parte piatta, scalzo più pronunciato.",data/data/images_flat/2018-2019_Trentingrana__2018-10-10__P6a_330_fetta.bmp
La crosta del formaggio presenta uno spessore medio e uniforme.,"La crosta del formaggio è sottile, leggermente più pronunciata sullo scalzo e sulla parte piatta.",data/data/images_flat/2018-2019_Trentingrana__2018-10-10__P6a_330_fetta.bmp
La crosta del formaggio presenta una sottocrosta poco evidente.,La crosta del formaggio è sottile.,data/data/images_flat/2018-2019_Trentingrana__2018-10-10__P6a_330_fetta.bmp
La crosta del formaggio è mediamente spessa.,"La crosta del formaggio presenta parti piatte e scalzo sfumati, spessore medio e spigoli pronunciati.",data/data/images_flat/2018-2019_Trentingrana__2018-10-10__P2a_307_fetta.bmp
La crosta del formaggio è mediamente spessa.,"La crosta del formaggio è mediamente spessa, più marcata su parte piatta e spigoli.",data/data/images_flat/2018-2019_Trentingrana__2018-10-10__P2a_307_fetta.bmp
"La crosta del formaggio presenta una parte piatta mediamente spessa, scalzo sottile, spigoli pronunciati e spessore medio.",La crosta del formaggio è mediamente spessa ovunque.,data/data/images_flat/2018-2019_Trentingrana__2018-10-10__P2a_307_fetta.bmp
La crosta del formaggio presenta unghia pronunciata e spessore medio.,La crosta del formaggio è regolare con spessore medio.,data/data/images_flat/2018-2019_Trentingrana__2018-10-10__P2a_307_fetta.bmp
La crosta del formaggio presenta uno spessore più marcato sulla parte piatta.,"La crosta del formaggio è mediamente spessa, più intensa sotto lo scalzo.",data/data/images_flat/2018-2019_Trentingrana__2018-10-10__P2a_307_fetta.bmp
La crosta del formaggio presenta una parte piatta irregolare e scalzi spessi.,La crosta del formaggio è mediamente spessa.,data/data/images_flat/2018-2019_Trentingrana__2018-10-10__P2a_307_fetta.bmp
La crosta del formaggio presenta una parte piatta e scalzo mediamente spessi.,La crosta del formaggio è abbastanza spessa.,data/data/images_flat/2018-2019_Trentingrana__2018-10-10__P2a_307_fetta.bmp
La crosta del formaggio è regolare.,La crosta del formaggio è mediamente spessa.,data/data/images_flat/2018-2019_Trentingrana__2019-02-13__P6b_330_fetta.bmp
La crosta del formaggio presenta una parte piatta molto sottile e resto mediamente spesso.,La crosta del formaggio è sfumata con spessore medio.,data/data/images_flat/2018-2019_Trentingrana__2019-02-13__P6b_330_fetta.bmp
La crosta del formaggio presenta uno spessore medio e uniforme.,La crosta del formaggio è mediamente spessa o superiore.,data/data/images_flat/2018-2019_Trentingrana__2019-02-13__P6b_330_fetta.bmp
La crosta del formaggio è mediamente spessa.,La crosta del formaggio è mediamente spessa.,data/data/images_flat/2018-2019_Trentingrana__2019-02-13__P6b_330_fetta.bmp
La crosta del formaggio presenta uno spessore più marcato sulla parte piatta.,"La crosta del formaggio è molto sottile nelle parti piatte, più spessa negli scalzi con spigoli pronunciati.",data/data/images_flat/2018-2019_Trentingrana__2019-02-13__P6b_330_fetta.bmp
La crosta del formaggio è regolare.,La crosta del formaggio è piuttosto spessa.,data/data/images_flat/2018-2019_Trentingrana__2019-02-13__P6b_330_fetta.bmp
La crosta del formaggio presenta uno spessore più accentuato su una faccia.,La crosta del formaggio presenta uno spessore dispari e zone mediamente spesse.,data/data/images_flat/2018-2019_Trentingrana__2019-02-13__P4a_311_fetta.bmp
La crosta del formaggio presenta una sottocrosta grigiastra.,"La crosta del formaggio presenta uno spessore più marcato sotto, parte piatta mediamente spessa e spigoli pronunciati.",data/data/images_flat/2018-2019_Trentingrana__2019-02-13__P4a_311_fetta.bmp
La crosta del formaggio presenta una sottocrosta grigiastra.,La crosta del formaggio presenta una parte piatta molto sottile.,data/data/images_flat/2018-2019_Trentingrana__2019-02-13__P4a_311_fetta.bmp
La crosta del formaggio presenta una sottocrosta grigiastra.,La crosta del formaggio è sottile.,data/data/images_flat/2018-2019_Trentingrana__2019-02-13__P4a_311_fetta.bmp
La crosta del formaggio presenta una sottocrosta grigiastra su un lato.,La crosta del formaggio è irregolare nel colore.,data/data/images_flat/2018-2019_Trentingrana__2019-02-13__P4a_311_fetta.bmp
La crosta del formaggio è sottile.,La crosta del formaggio è sottile.,data/data/images_flat/2018-2019_Trentingrana__2019-02-13__P4a_311_fetta.bmp
La crosta del formaggio è sottile.,La crosta del formaggio è sfumata con spessore medio.,data/data/images_flat/2018-2019_Trentingrana__2019-02-13__P2b_305_fetta.bmp
La crosta del formaggio è mediamente spessa.,La crosta del formaggio è poco evidente per via dello sfondo intenso.,data/data/images_flat/2018-2019_Trentingrana__2019-02-13__P2b_305_fetta.bmp
La crosta del formaggio è sottile.,La crosta del formaggio è mediamente spessa.,data/data/images_flat/2018-2019_Trentingrana__2019-02-13__P2b_305_fetta.bmp
La crosta del formaggio è sottile.,La crosta del formaggio è mediamente spessa.,data/data/images_flat/2018-2019_Trentingrana__2019-02-13__P2b_305_fetta.bmp
La crosta del formaggio presenta uno spessore più marcato negli angoli e parte piatta mediamente spessa.,La crosta del formaggio è mediamente spessa con spigoli pronunciati.,data/data/images_flat/2018-2019_Trentingrana__2019-02-13__P2b_305_fetta.bmp
La crosta del formaggio è spessa.,La crosta del formaggio è piuttosto spessa.,data/data/images_flat/2018-2019_Trentingrana__2019-02-13__P2b_305_fetta.bmp
"La crosta del formaggio presenta una parte piatta e scalzo sottile, spigoli pronunciati.","La crosta del formaggio è mediamente spessa, evidente.",data/data/images_flat/2018-2019_Trentingrana__2018-10-31__P5a_323_fetta.bmp
La crosta del formaggio presenta uno spessore medio e spigoli pronunciati.,La crosta del formaggio è mediamente spessa.,data/data/images_flat/2018-2019_Trentingrana__2018-10-31__P5a_323_fetta.bmp
La crosta del formaggio è mediamente spessa.,"La crosta del formaggio è spessa, con spessore superiore al medio.",data/data/images_flat/2018-2019_Trentingrana__2018-10-31__P5a_323_fetta.bmp
La crosta del formaggio è mediamente spessa.,La crosta del formaggio presenta una parte piatta sottile e lato abbastanza spesso.,data/data/images_flat/2018-2019_Trentingrana__2018-10-31__P5a_323_fetta.bmp
La crosta del formaggio è mediamente spessa.,La crosta del formaggio è mediamente spessa.,data/data/images_flat/2018-2019_Trentingrana__2018-10-31__P5a_323_fetta.bmp
La crosta del formaggio è mediamente spessa.,La crosta del formaggio presenta un difetto che dall'esterno entra nell'unghia.,data/data/images_flat/2018-2019_Trentingrana__2018-10-31__P5a_323_fetta.bmp
La crosta del formaggio è mediamente spessa.,La crosta del formaggio è spessa.,data/data/images_flat/2018-2019_Trentingrana__2018-10-31__P5a_323_fetta.bmp
La crosta del formaggio è mediamente spessa.,"La crosta del formaggio è molto variabile, da parte piatta a scalzi, con spessore medio.",data/data/images_flat/2018-2019_Trentingrana__2018-10-31__P5a_323_fetta.bmp
La crosta del formaggio è mediamente spessa.,La crosta del formaggio presenta spigoli pronunciati e superficie grossolana.,data/data/images_flat/2018-2019_Trentingrana__2018-10-31__P5a_323_fetta.bmp
La crosta del formaggio presenta un'unghia spessa poco marcata.,"La crosta del formaggio è mediamente spessa, evidente.",data/data/images_flat/2018-2019_Trentingrana__2018-10-31__P5b_323_fetta.bmp
La crosta del formaggio presenta una sottocrosta grigiastra.,La crosta del formaggio è mediamente spessa.,data/data/images_flat/2018-2019_Trentingrana__2018-10-31__P5b_323_fetta.bmp
La crosta del formaggio è sottile.,"La crosta del formaggio è spessa, con spessore superiore al medio.",data/data/images_flat/2018-2019_Trentingrana__2018-10-31__P5b_323_fetta.bmp
La crosta del formaggio è sottile.,La crosta del formaggio presenta una parte piatta sottile e lato abbastanza spesso.,data/data/images_flat/2018-2019_Trentingrana__2018-10-31__P5b_323_fetta.bmp
La crosta del formaggio è mediamente spessa.,La crosta del formaggio è mediamente spessa.,data/data/images_flat/2018-2019_Trentingrana__2018-10-31__P5b_323_fetta.bmp
La crosta del formaggio presenta uno spessore medio e spigoli pronunciati.,La crosta del formaggio presenta un difetto che dall'esterno entra nell'unghia.,data/data/images_flat/2018-2019_Trentingrana__2018-10-31__P5b_323_fetta.bmp
La crosta del formaggio presenta una sottocrosta grigiastra su un lato.,La crosta del formaggio è spessa.,data/data/images_flat/2018-2019_Trentingrana__2018-10-31__P5b_323_fetta.bmp
La crosta del formaggio presenta una sottocrosta grigiastra.,"La crosta del formaggio è molto variabile, da parte piatta a scalzi, con spessore medio.",data/data/images_flat/2018-2019_Trentingrana__2018-10-31__P5b_323_fetta.bmp
La crosta del formaggio presenta una sottocrosta marcata e parte piatta mediamente spessa.,La crosta del formaggio presenta spigoli pronunciati e superficie grossolana.,data/data/images_flat/2018-2019_Trentingrana__2018-10-31__P5b_323_fetta.bmp
La crosta del formaggio presenta una sottocrosta grigiastra.,La crosta del formaggio presenta uno spessore sottile sulla parte piatta e spigoli mediamente spessi.,data/data/images_flat/2018-2019_Trentingrana__2018-10-31__P6a_330_fetta.bmp
"La crosta del formaggio presenta uno scalzo e parte piatta sottile, spigoli molto sottile.",La crosta del formaggio è mediamente spessa.,data/data/images_flat/2018-2019_Trentingrana__2018-10-31__P6a_330_fetta.bmp
La crosta del formaggio presenta uno spessore non uniforme: sottile sulle parti piatte.,La crosta del formaggio presenta uno spessore a tratti sottile.,data/data/images_flat/2018-2019_Trentingrana__2018-10-31__P6a_330_fetta.bmp
La crosta del formaggio è mediamente spessa.,"La crosta del formaggio è spessa sul lato, parte piatta regolare.",data/data/images_flat/2018-2019_Trentingrana__2018-10-31__P6a_330_fetta.bmp
La crosta del formaggio presenta uno spessore non uniforme.,La crosta del formaggio presenta uno spessore variabile: più marcato sotto lo scalzo e la parte piatta.,data/data/images_flat/2018-2019_Trentingrana__2018-10-31__P6a_330_fetta.bmp
La crosta del formaggio presenta uno spessore non uniforme: sottile nella parte piatta.,La crosta del formaggio è leggermente più spessa della media.,data/data/images_flat/2018-2019_Trentingrana__2018-10-31__P6a_330_fetta.bmp
La crosta del formaggio presenta una parte piatta molto sottile e resto mediamente spesso.,La crosta del formaggio è mediamente spessa.,data/data/images_flat/2018-2019_Trentingrana__2018-10-31__P6a_330_fetta.bmp
"La crosta del formaggio presenta uno scalzo e parte piatta mediamente spessa, spigoli pronunciati.","La crosta del formaggio presenta spigoli pronunciati, spessore superiore al mediamente spesso.",data/data/images_flat/2018-2019_Trentingrana__2018-10-31__P6a_330_fetta.bmp
"La crosta del formaggio presenta una parte piatta e scalzo mediamente spessi, spigoli pronunciati.",La crosta del formaggio presenta una parte piatta e scalzo mediamente spessi.,data/data/images_flat/2018-2019_Trentingrana__2019-01-23__P3a_310_fetta.bmp
La crosta del formaggio è mediamente spessa.,La crosta del formaggio è più evidente sulla parte piatta.,data/data/images_flat/2018-2019_Trentingrana__2019-01-23__P3a_310_fetta.bmp
La crosta del formaggio è mediamente spessa.,La crosta del formaggio presenta uno spessore ridotto e disomogeneo tra i lati.,data/data/images_flat/2018-2019_Trentingrana__2019-01-23__P3a_310_fetta.bmp
La crosta del formaggio è mediamente spessa.,La crosta del formaggio è regolare.,data/data/images_flat/2018-2019_Trentingrana__2019-01-23__P3a_310_fetta.bmp
La crosta del formaggio presenta una sottocrosta marcata e parte piatta mediamente spessa.,La crosta del formaggio è mediamente spessa con unghia marcata sulla parte piatta.,data/data/images_flat/2018-2019_Trentingrana__2019-01-23__P3a_310_fetta.bmp
La crosta del formaggio è mediamente spessa.,La crosta del formaggio è sottile.,data/data/images_flat/2018-2019_Trentingrana__2019-01-23__P3a_310_fetta.bmp
La crosta del formaggio è sottile.,"La crosta del formaggio è sfumata con scalzo e parte piatta mediamente spessa, spigoli pronunciati.",data/data/images_flat/2018-2019_Trentingrana__2019-01-23__P1a_302_fetta.bmp
La crosta del formaggio è mediamente spessa.,"La crosta del formaggio presenta uno spessore poco evidente negli angoli, sfumato nel resto.",data/data/images_flat/2018-2019_Trentingrana__2019-01-23__P1a_302_fetta.bmp
La crosta del formaggio è mediamente spessa.,La crosta del formaggio è sfumata con scalzi spessi e parti piatte mediamente spesse.,data/data/images_flat/2018-2019_Trentingrana__2019-01-23__P1a_302_fetta.bmp
La crosta del formaggio è sottile.,La crosta del formaggio è regolare.,data/data/images_flat/2018-2019_Trentingrana__2019-01-23__P1a_302_fetta.bmp
La crosta del formaggio è sottile.,"La crosta del formaggio presenta uno spessore medio nelle zone piatte e spessa sugli scalzi, molto fine.",data/data/images_flat/2018-2019_Trentingrana__2019-01-23__P1a_302_fetta.bmp
"La crosta del formaggio presenta uno spessore variabile tra scalzi e parti piatte, mediamente spessa.",La crosta del formaggio è mediamente spessa.,data/data/images_flat/2018-2019_Trentingrana__2019-01-23__P1a_302_fetta.bmp
La crosta del formaggio è sottile.,La crosta del formaggio è più sottile su un lato.,data/data/images_flat/2018-2019_Trentingrana__2019-01-23__P1a_302_fetta.bmp
"La crosta del formaggio presenta uno spessore irregolare, più spessa sulla parte piatta.",La crosta del formaggio è molto spessa negli scalzi con spigoli pronunciati.,data/data/images_flat/2018-2019_Trentingrana__2019-01-23__P1a_302_fetta.bmp
La crosta del formaggio è mediamente spessa.,"La crosta del formaggio è sfumata con scalzo e parte piatta mediamente spessa, spigoli marcati.",data/data/images_flat/2018-2019_Trentingrana__2019-01-23__P2b_305_fetta.bmp
"La crosta del formaggio presenta uno spessore variabile, mediamente spesso.",La crosta del formaggio è di colore grigiastro.,data/data/images_flat/2018-2019_Trentingrana__2019-01-23__P2b_305_fetta.bmp
La crosta del formaggio è sottile.,La crosta del formaggio è sottile.,data/data/images_flat/2018-2019_Trentingrana__2019-01-23__P2b_305_fetta.bmp
"La crosta del formaggio presenta uno spessore variabile tra scalzo e parte piatta mediamente spessa, spigoli pronunciati.",La crosta del formaggio è sottile.,data/data/images_flat/2018-2019_Trentingrana__2019-01-23__P2b_305_fetta.bmp
La crosta del formaggio è sottile.,"La crosta del formaggio presenta uno scalzo e parte piatta mediamente spessa, spigoli pronunciati.",data/data/images_flat/2018-2019_Trentingrana__2019-01-23__P6b_323_fetta.bmp
La crosta del formaggio è sottile.,La crosta del formaggio è mediamente spessa e sfumata.,data/data/images_flat/2018-2019_Trentingrana__2019-01-23__P6b_323_fetta.bmp
La crosta del formaggio è sottile.,La crosta del formaggio è spessa sui lati.,data/data/images_flat/2018-2019_Trentingrana__2019-01-23__P6b_323_fetta.bmp
La crosta del formaggio presenta uno spessore variabile tra le facce.,La crosta del formaggio è spessa.,data/data/images_flat/2018-2019_Trentingrana__2019-01-23__P6b_323_fetta.bmp
La crosta del formaggio è mediamente spessa.,La crosta del formaggio è molto spessa sugli scalzi.,data/data/images_flat/2018-2019_Trentingrana__2019-01-23__P6b_323_fetta.bmp
La crosta del formaggio è mediamente spessa.,La crosta del formaggio è mediamente spessa.,data/data/images_flat/2018-2019_Trentingrana__2019-01-23__P6b_323_fetta.bmp
La crosta del formaggio è mediamente spessa.,La crosta del formaggio è spessa.,data/data/images_flat/2018-2019_Trentingrana__2019-01-23__P6b_323_fetta.bmp
La crosta del formaggio è mediamente spessa.,La crosta del formaggio è mediamente spessa e sfumata.,data/data/images_flat/2018-2019_Trentingrana__2019-03-26__P1a_302_fetta.bmp
La crosta del formaggio presenta una parte piatta irregolare e scalzo mediamente spessi.,"La crosta del formaggio presenta un colore di fondo molto carico, poco contrasto.",data/data/images_flat/2018-2019_Trentingrana__2019-03-26__P1a_302_fetta.bmp
La crosta del formaggio è mediamente spessa.,"La crosta del formaggio è netta e sottile su una faccia, sfumata e spessa sull'altra.",data/data/images_flat/2018-2019_Trentingrana__2019-03-26__P1a_302_fetta.bmp
La crosta del formaggio presenta una sottocrosta grigiastra.,La crosta del formaggio è sottile.,data/data/images_flat/2018-2019_Trentingrana__2019-03-26__P3b_307_fetta.bmp
La crosta del formaggio presenta una sottocrosta grigiastra.,La crosta del formaggio è mediamente spessa.,data/data/images_flat/2018-2019_Trentingrana__2019-03-26__P3b_307_fetta.bmp
La crosta del formaggio presenta una parte piatta molto sottile.,La crosta del formaggio è uniforme.,data/data/images_flat/2018-2019_Trentingrana__2019-03-26__P3b_307_fetta.bmp
La crosta del formaggio presenta uno spessore medio e uniforme.,La crosta del formaggio è mediamente spessa.,data/data/images_flat/2018-2019_Trentingrana__2018-11-14__P3b_314_fetta.bmp
La crosta del formaggio è sottile.,La crosta del formaggio è sottile con spigoli marcati.,data/data/images_flat/2018-2019_Trentingrana__2018-11-14__P3b_314_fetta.bmp
La crosta del formaggio presenta un colore rossastro su un lato e tendente al grigio sull'altro.,La crosta del formaggio è mediamente spessa.,data/data/images_flat/2018-2019_Trentingrana__2018-11-14__P3b_314_fetta.bmp
La crosta del formaggio presenta uno spessore più marcato su un lato.,La crosta del formaggio è mediamente spessa.,data/data/images_flat/2018-2019_Trentingrana__2018-11-14__P3b_314_fetta.bmp
La crosta del formaggio è sottile.,La crosta del formaggio è molto sottile con spigoli pronunciati.,data/data/images_flat/2018-2019_Trentingrana__2018-11-14__P3b_314_fetta.bmp
La crosta del formaggio è mediamente spessa.,"La crosta del formaggio presenta una parte piatta mediamente spessa, scalzo spessa, spigoli pronunciati e spessore medio.",data/data/images_flat/2018-2019_Trentingrana__2018-09-19__P5a_323_fetta.bmp
La crosta del formaggio è sottile.,La crosta del formaggio è spessa sui lati e negli angoli.,data/data/images_flat/2018-2019_Trentingrana__2018-09-19__P5a_323_fetta.bmp
La crosta del formaggio presenta una sottocrosta poco evidente.,La crosta del formaggio è irregolare.,data/data/images_flat/2018-2019_Trentingrana__2018-09-19__P5a_323_fetta.bmp
La crosta del formaggio è mediamente spessa.,La crosta del formaggio è mediamente spessa.,data/data/images_flat/2018-2019_Trentingrana__2018-09-19__P5a_323_fetta.bmp
"La crosta del formaggio presenta una parte piatta mediamente spessa, scalzo e spigoli pronunciati.",La crosta del formaggio è spessa.,data/data/images_flat/2018-2019_Trentingrana__2018-09-19__P5a_323_fetta.bmp
La crosta del formaggio è mediamente spessa.,La crosta del formaggio è mediamente spessa.,data/data/images_flat/2018-2019_Trentingrana__2018-09-19__P5a_323_fetta.bmp
"La crosta del formaggio presenta una parte piatta mediamente spessa, scalzo e spigoli pronunciati.",La crosta del formaggio è mediamente spessa.,data/data/images_flat/2018-2019_Trentingrana__2018-09-19__P5a_323_fetta.bmp
La crosta del formaggio è sottile.,La crosta del formaggio è mediamente spessa con spigoli pronunciati.,data/data/images_flat/2018-2019_Trentingrana__2018-09-19__P5a_323_fetta.bmp
La crosta del formaggio è molto sottile.,La crosta del formaggio è mediamente spessa.,data/data/images_flat/2018-2019_Trentingrana__2018-09-26__P1b_302_fetta.bmp
La crosta del formaggio presenta spigoli pronunciati e sottile.,La crosta del formaggio è molto sottile in alcuni punti.,data/data/images_flat/2018-2019_Trentingrana__2018-09-26__P1b_302_fetta.bmp
La crosta del formaggio è molto sottile.,La crosta del formaggio è mediamente spessa.,data/data/images_flat/2018-2019_Trentingrana__2018-09-26__P1b_302_fetta.bmp
La crosta del formaggio è mediamente spessa.,"La crosta del formaggio è sottile, di colore chiaro.",data/data/images_flat/2018-2019_Trentingrana__2018-09-26__P1b_302_fetta.bmp
La crosta del formaggio è sottile.,La crosta del formaggio è mediamente spessa.,data/data/images_flat/2018-2019_Trentingrana__2018-09-26__P1b_302_fetta.bmp
La crosta del formaggio è mediamente spessa.,La crosta del formaggio è mediamente spessa.,data/data/images_flat/2018-2019_Trentingrana__2018-09-26__P1b_302_fetta.bmp
La crosta del formaggio è molto sottile.,La crosta del formaggio è mediamente spessa.,data/data/images_flat/2018-2019_Trentingrana__2019-03-20__P5b_316_fetta.bmp
La crosta del formaggio è sottile.,"La crosta del formaggio presenta una sottocrosta marcata, soprattutto nella parte piatta.",data/data/images_flat/2018-2019_Trentingrana__2019-03-20__P5b_316_fetta.bmp
La crosta del formaggio è mediamente spessa.,La crosta del formaggio è mediamente spessa.,data/data/images_flat/2018-2019_Trentingrana__2019-03-20__P5b_316_fetta.bmp
La crosta del formaggio è mediamente spessa.,La crosta del formaggio presenta uno spessore non uniforme: sottile da un lato e molto sottile dall'altro.,data/data/images_flat/2018-2019_Trentingrana__2019-03-20__P1a_302_fetta.bmp
La crosta del formaggio è mediamente spessa.,"La crosta del formaggio è molto sottile, più spessa sulla parte piatta.",data/data/images_flat/2018-2019_Trentingrana__2019-03-20__P1a_302_fetta.bmp
La crosta del formaggio è sottile.,La crosta del formaggio presenta uno spessore diverso tra le facce.,data/data/images_flat/2018-2019_Trentingrana__2019-03-20__P1a_302_fetta.bmp
La crosta del formaggio è sottile.,"La crosta del formaggio è disomogenea e sfumata, spessore medio.",data/data/images_flat/2018-2019_Trentingrana__2019-02-27__P5a_319_fetta.bmp
La crosta del formaggio è mediamente spessa.,"La crosta del formaggio è sfumata sulla parte piatta, più spessa in alcuni tratti e più sottile in altri, con profilo definito.",data/data/images_flat/2018-2019_Trentingrana__2019-02-27__P5a_319_fetta.bmp
La crosta del formaggio è mediamente spessa.,La crosta del formaggio è mediamente spessa.,data/data/images_flat/2018-2019_Trentingrana__2019-02-27__P5a_319_fetta.bmp
La crosta del formaggio è sottile.,La crosta del formaggio è molto sottile.,data/data/images_flat/2018-2019_Trentingrana__2019-02-27__P5a_319_fetta.bmp
La crosta del formaggio è sottile.,La crosta del formaggio è spessa e sfumata.,data/data/images_flat/2018-2019_Trentingrana__2019-02-27__P5a_319_fetta.bmp
La crosta del formaggio è mediamente spessa.,La crosta del formaggio è sottile.,data/data/images_flat/2018-2019_Trentingrana__2019-02-27__P5a_319_fetta.bmp
La crosta del formaggio presenta una sottocrosta marcata.,"La crosta del formaggio è disomogenea e sfumata su un lato, con spessore sottile.",data/data/images_flat/2018-2019_Trentingrana__2019-02-27__P3a_307_fetta.bmp
La crosta del formaggio presenta una parte piatta molto sottile.,La crosta del formaggio è sottile.,data/data/images_flat/2018-2019_Trentingrana__2019-02-27__P3a_307_fetta.bmp
La crosta del formaggio è sottile.,La crosta del formaggio è mediamente spessa.,data/data/images_flat/2018-2019_Trentingrana__2019-02-27__P3a_307_fetta.bmp
La crosta del formaggio presenta spigoli pronunciati.,La crosta del formaggio è mediamente spessa.,data/data/images_flat/2018-2019_Trentingrana__2019-02-27__P3a_307_fetta.bmp
La crosta del formaggio è sottile.,La crosta del formaggio è sottile.,data/data/images_flat/2018-2019_Trentingrana__2019-02-27__P3a_307_fetta.bmp
La crosta del formaggio presenta spigoli pronunciati.,La crosta del formaggio è spessa.,data/data/images_flat/2018-2019_Trentingrana__2019-02-27__P3a_307_fetta.bmp
La crosta del formaggio è sottile.,La crosta del formaggio presenta una parte piatta e sottocrosta poco distinguibile.,data/data/images_flat/2018-2019_Trentingrana__2019-02-20__P1a_310_fetta.bmp
La crosta del formaggio è sottile.,"La crosta del formaggio presenta un limite sfumato, nel complesso piatta e sottile.",data/data/images_flat/2018-2019_Trentingrana__2019-02-20__P1a_310_fetta.bmp
La crosta del formaggio presenta una parte piatta e scalzo sottile.,"La crosta del formaggio è sottile con sottocrosta poco evidente, pur sembrando relativamente spessa per la forma ridotta del formaggio.",data/data/images_flat/2018-2019_Trentingrana__2019-02-20__P1a_310_fetta.bmp
La crosta del formaggio presenta una parte piatta e scalzo mediamente spessi.,La crosta del formaggio è sottile.,data/data/images_flat/2018-2019_Trentingrana__2019-02-20__P1a_310_fetta.bmp
La crosta del formaggio è sottile.,La crosta del formaggio è sottile nella parte piatta e spigoli pronunciati.,data/data/images_flat/2018-2019_Trentingrana__2018-10-24__P5a_326_fetta.bmp
La crosta del formaggio è spessa.,La crosta del formaggio è spessa.,data/data/images_flat/2018-2019_Trentingrana__2018-10-24__P5a_326_fetta.bmp
La crosta del formaggio presenta uno spessore sottile e spigoli pronunciati.,La crosta del formaggio è mediamente spessa.,data/data/images_flat/2018-2019_Trentingrana__2018-10-24__P5a_326_fetta.bmp
La crosta del formaggio è mediamente spessa.,La crosta del formaggio è mediamente spessa.,data/data/images_flat/2018-2019_Trentingrana__2018-10-24__P5a_326_fetta.bmp
La crosta del formaggio presenta uno spessore più marcato negli angoli e parte piatta mediamente spessa.,La crosta del formaggio è mediamente spessa.,data/data/images_flat/2018-2019_Trentingrana__2018-10-24__P5a_326_fetta.bmp
La crosta del formaggio presenta una sottocrosta grigiastra.,"La crosta del formaggio è sottile, ben distinta dalla pasta.",data/data/images_flat/2018-2019_Trentingrana__2018-10-24__P1a_304_fetta.bmp
La crosta del formaggio presenta uno spessore più accentuato su una faccia.,La crosta del formaggio presenta uno spessore sottile su un lato e mediamente spessa sull'altro.,data/data/images_flat/2018-2019_Trentingrana__2018-10-24__P1a_304_fetta.bmp
La crosta del formaggio presenta uno spessore più accentuato su una faccia.,"La crosta del formaggio è di spessore molto sottile su un lato, decisamente più spessa sull'altro.",data/data/images_flat/2018-2019_Trentingrana__2018-10-24__P1a_304_fetta.bmp
La crosta del formaggio presenta uno spessore più marcato sulla parte piatta.,La crosta del formaggio presenta uno spessore più marcato sulla parte piatta.,data/data/images_flat/2018-2019_Trentingrana__2018-10-24__P1a_304_fetta.bmp
La crosta del formaggio presenta uno spessore più accentuato su una faccia.,La crosta del formaggio è sottile.,data/data/images_flat/2018-2019_Trentingrana__2018-10-24__P1a_304_fetta.bmp
La crosta del formaggio presenta uno spessore più marcato su un lato.,"La crosta del formaggio è mediamente spessa, con spigoli più marcati rispetto alla parte piatta.",data/data/images_flat/2018-2019_Trentingrana__2018-10-24__P1a_304_fetta.bmp
La crosta del formaggio è regolare.,"La crosta del formaggio è variabile, spessore nel complesso sottile.",data/data/images_flat/2018-2019_Trentingrana__2018-10-24__P1a_304_fetta.bmp
La crosta del formaggio è mediamente spessa.,La crosta del formaggio è regolare.,data/data/images_flat/2018-2019_Trentingrana__2019-01-30__P6a_330_fetta.bmp
La crosta del formaggio è mediamente spessa.,La crosta del formaggio presenta unghia pronunciata soprattutto sugli spigoli.,data/data/images_flat/2018-2019_Trentingrana__2019-01-30__P6a_330_fetta.bmp
"La crosta del formaggio presenta una parte piatta mediamente spessa, scalzo e spigoli pronunciati.",La crosta del formaggio è mediamente spessa.,data/data/images_flat/2018-2019_Trentingrana__2019-01-30__P6a_330_fetta.bmp
La crosta del formaggio è mediamente spessa.,La crosta del formaggio è molto sottile.,data/data/images_flat/2018-2019_Trentingrana__2019-01-30__P6a_330_fetta.bmp
La crosta del formaggio è mediamente spessa.,La crosta del formaggio presenta uno spessore più marcato su un lato.,data/data/images_flat/2018-2019_Trentingrana__2019-01-30__P4a_307_fetta.bmp
La crosta del formaggio è mediamente spessa.,La crosta del formaggio è sottile e omogenea.,data/data/images_flat/2018-2019_Trentingrana__2019-01-30__P4a_307_fetta.bmp
"La crosta del formaggio presenta una parte piatta mediamente spessa, scalzo e spigoli spessi.","La crosta del formaggio è sottile, con unghia spessa e colore non marcato.",data/data/images_flat/2018-2019_Trentingrana__2019-01-30__P4a_307_fetta.bmp
"La crosta del formaggio presenta uno spessore medio su scalzo e parte piatta sottile, spigoli molto spessi.",La crosta del formaggio è mediamente spessa.,data/data/images_flat/2018-2019_Trentingrana__2019-01-30__P4a_307_fetta.bmp
La crosta del formaggio è mediamente spessa.,La crosta del formaggio è abbastanza spessa.,data/data/images_flat/2018-2019_Trentingrana__2019-01-30__P4a_307_fetta.bmp
"La crosta del formaggio presenta uno spessore variabile tra scalzi e parti piatte, mediamente spessa.",La crosta del formaggio presenta uno spessore più marcato su un lato.,data/data/images_flat/2018-2019_Trentingrana__2019-01-30__P4b_307_fetta.bmp
"La crosta del formaggio presenta una parte piatta molto sottile, scalzo e spigoli pronunciati.",La crosta del formaggio è sottile e omogenea.,data/data/images_flat/2018-2019_Trentingrana__2019-01-30__P4b_307_fetta.bmp
La crosta del formaggio è sottile.,"La crosta del formaggio è sottile, con unghia spessa e colore non marcato.",data/data/images_flat/2018-2019_Trentingrana__2019-01-30__P4b_307_fetta.bmp
"La crosta del formaggio presenta uno spessore medio su scalzo e parte piatta mediamente spessa, spigoli pronunciati.",La crosta del formaggio è mediamente spessa.,data/data/images_flat/2018-2019_Trentingrana__2019-01-30__P4b_307_fetta.bmp
La crosta del formaggio presenta parti piatte regolari.,La crosta del formaggio è abbastanza spessa.,data/data/images_flat/2018-2019_Trentingrana__2019-01-30__P4b_307_fetta.bmp
La crosta del formaggio è sottile.,La crosta del formaggio presenta uno scalzo disidratato e ammuffito.,data/data/images_flat/2019-2020_Trentingrana__IV bimestre__19-02-2020_24° Seduta__P6a_TN319_Fetta.bmp
La crosta del formaggio è di colore chiaro.,La crosta del formaggio è e sottocrosta fuse e sfumate.,data/data/images_flat/2019-2020_Trentingrana__IV bimestre__19-02-2020_24° Seduta__P6a_TN319_Fetta.bmp
La crosta del formaggio presenta una sottocrosta rosa.,La crosta del formaggio presenta una sottocrosta di colore diverso tra piatti.,data/data/images_flat/2019-2020_Trentingrana__V bimestre__04-03-2020_25° Seduta__P5b_TN314_Fetta.bmp
La crosta del formaggio è mediamente spessa.,La crosta del formaggio presenta un colore di fondo scuro.,data/data/images_flat/2021-2022_Trentingrana__29° Seduta_15-06-2022__P1a_TN302_610_Fetta.bmp
La crosta del formaggio presenta un colore di fondo carico.,La crosta del formaggio presenta un difetto nella zona dello scalzo che si estende nella sottocrosta.,data/data/images_flat/2021-2022_Trentingrana__13° Seduta_19-01-2022__P5b_TN330_782_fetta.bmp
La crosta del formaggio presenta una sottocrosta grigiastra.,La crosta del formaggio presenta una sottocrosta grigiastra.,data/data/images_flat/2021-2022_Trentingrana__13° Seduta_19-01-2022__P3a_TN319_837_fetta.bmp
La crosta del formaggio è mediamente spessa.,La crosta del formaggio presenta stacco poco visibile dalla pasta.,data/data/images_flat/2021-2022_Trentingrana__24° Seduta_04-05-2022__P1a_TN305_226_fetta.bmp
La crosta del formaggio presenta una sottocrosta grigiastra.,La crosta del formaggio è sottile ma carico di colore.,data/data/images_flat/2021-2022_Trentingrana__21° Seduta_23-03-2022__P1b_TN310_375_fetta.bmp
La crosta del formaggio è piatta molto sottile.,"La crosta del formaggio è spessa, ben marcata.",data/data/images_flat/2021-2022_Trentingrana__21° Seduta_23-03-2022__P5a_TN330_961_fetta.bmp
La crosta del formaggio è molto sottile.,La crosta del formaggio presenta una sottocrosta grigiastra.,data/data/images_flat/2021-2022_Trentingrana__17° Seduta_16-02-2022__P6a_TN328_738_fetta.bmp
La crosta del formaggio presenta una sottocrosta grigiastra.,La crosta del formaggio presenta una sottocrosta grigia da un lato e rossastra dall'altro.,data/data/images_flat/2021-2022_Trentingrana__5° Seduta_27-10-2021__P2b_TN306_494_Fetta.bmp
La crosta del formaggio presenta una sottocrosta grigiastra.,La crosta del formaggio presenta una sottocrosta grigia da un lato e rossastra dall'altro.,data/data/images_flat/2021-2022_Trentingrana__5° Seduta_27-10-2021__P2a_TN306_494_Fetta.bmp
La crosta del formaggio presenta una sottocrosta grigiastra.,La crosta del formaggio presenta una sottocrosta molto spessa sugli scalzi.,data/data/images_flat/2021-2022_Trentingrana__3° Seduta_13-10-2021__P1a_TN307_902_Fetta.bmp
La crosta del formaggio presenta una sottocrosta poco evidente.,La crosta del formaggio presenta un colore di fondo carico.,data/data/images_flat/2021-2022_Trentingrana__10° Seduta_07-12-2021__P1b_TN302_849_Fetta.bmp
La crosta del formaggio presenta una sottocrosta grigiastra.,La crosta del formaggio presenta un colore di fondo carico.,data/data/images_flat/2021-2022_Trentingrana__30° Seduta_22-06-2022__P2a_TN305_727_Fetta.bmp
La crosta del formaggio presenta una parte piatta molto sottile e spigoli pronunciati.,La crosta del formaggio presenta un colore di fondo carico.,data/data/images_flat/2021-2022_Trentingrana__30° Seduta_22-06-2022__P1b_TN302_248_Fetta.bmp
