pred,ref
"La pasta del formaggio presenta un'area rosata in corrispondenza di una bollatura allungata.","La pasta del formaggio presenta una macchia centrale."
"La pasta del formaggio è di colore chiaro, tendente al paglierino, abbastanza omogenea.","La pasta del formaggio presenta un alone tendente al rosato."
"La pasta del formaggio è di colore chiaro con leggero alone centrale.","La pasta del formaggio presenta un alone molto evidente."
"La pasta del formaggio è di colore carico con alone e macchia diffusa rosata.","La pasta del formaggio è di colore paglierino."
"La pasta del formaggio è di colore chiaro e omogeneo.","La pasta del formaggio presenta un leggero alone verso il piatto."
"La pasta del formaggio è di colore paglierino più carico verso il centro.","La pasta del formaggio presenta un alone lievissimo."
"La pasta del formaggio presenta un alone scuro molto evidente e disomogenea.","La pasta del formaggio presenta un alone centrale rosato e striscia rosa abbastanza marcata al centro."
"La pasta del formaggio presenta un alone centrale molto carico.","La pasta del formaggio presenta una frattura di colore rosa."
"La pasta del formaggio è di colore carico omogeneo.","La pasta del formaggio presenta una macchia grigia."
"La pasta del formaggio presenta fasce di colore chiaro nette.","La pasta del formaggio presenta un alone centrale giallo-verde e macchie scure."
"La pasta del formaggio presenta un alone centrale e macchie rosa.","La pasta del formaggio presenta un leggero alone."
"La pasta del formaggio presenta una macchia centrale più scura.","La pasta del formaggio è di colore giallo chiaro tendente al bianco."
"La pasta del formaggio è di colore uniforme tendente al grigio.","La pasta del formaggio presenta un alone leggerissimo."
"La pasta del formaggio presenta un alone centrale molto marcato, di colore quasi arancio.","La pasta del formaggio presenta un siero in corrispondenza degli occhi."
"La pasta del formaggio è di colore non troppo carico, omogeneo.","La pasta del formaggio presenta piccola disomogeneità di colore, leggermente più carico in certe zone."
"La pasta del formaggio è di colore omogeneo e abbastanza carico.","La pasta del formaggio non è paglierina."
"La pasta del formaggio è di colore molto carico e omogeneo.","La pasta del formaggio presenta riflessi giallo carico."
"La pasta del formaggio è di colore giallo carico omogeneo.","La pasta del formaggio presenta un alone rosato."
"La pasta del formaggio è di colore giallo pallido.","La pasta del formaggio presenta qualche leggerissima macchia rosata nelle zone di microocchiatura."
"La pasta del formaggio è di colore grigio verdastro con alone giallo.","La pasta del formaggio presenta una fascia appena più satura."
"La pasta del formaggio presenta un colore più carico al centro e banda rosata.","La pasta del formaggio è di colore molto carico grigiastro con aree scure e una chiazza allungata nella zona sottostante il piatto."
"La pasta del formaggio presenta un colore più carico al centro e verso un piatto.","La pasta del formaggio è di colore carico e saturo, con zone più chiare verso gli scalzi."
"La pasta del formaggio presenta un alone centrale e zona sottoposta più bianca.","La pasta del formaggio presenta un colore irregolare."
"La pasta del formaggio presenta centro leggermente più scuro.","La pasta del formaggio è abbastanza omogenea ma di colore carico, con una macchia."
"La pasta del formaggio presenta una zona sottocrosta tendente al rosato che colora anche parte della pasta circostante.","La pasta del formaggio è di colore bruno tendente al nocciola con zone rosate."
"La pasta del formaggio è di colore giallo uniforme.","La pasta del formaggio è di colore giallo carico con alone rosato."
"La pasta del formaggio è di colore chiara con leggero alone centrale tendente verso il piatto.","La pasta del formaggio presenta macchie rosa di medie dimensioni."
"La pasta del formaggio presenta un colore carico al centro.","La pasta del formaggio è di colore eccessivamente carico con evidenti macchie rosate."
"La pasta del formaggio è più scura al centro.","La pasta del formaggio è di colore molto carico."
"La pasta del formaggio è più scura verso il centro.","La pasta del formaggio è di colore omogeneamente paglierino carico ambrato."
"La pasta del formaggio è di colore giallo intenso con zone più chiare.","La pasta del formaggio presenta un alone più scuro che contrasta con la parte più chiara e qualche macchia rosata."
"La pasta del formaggio presenta un leggero alone di colore chiaro.","La pasta del formaggio è di colore giallo carico al centro."
"La pasta del formaggio è di colore tendente al grigio con fascia più chiara sotto un piatto.","La pasta del formaggio presenta tonalità rosata ai bordi."
"La pasta del formaggio è di colore carico con zona più chiara verso una faccia.","La pasta del formaggio presenta un alone centrale."
"La pasta del formaggio è di colore omogeneo, intenso nocciola.","La pasta del formaggio è più chiara verso l'esterno con diverse macchie."
"La pasta del formaggio è di colore carico con alone.","La pasta del formaggio è di colore nocciola al centro."
"La pasta del formaggio è di colore carico omogeneo.","La pasta del formaggio è di colore giallo chiaro con macchie rosa."
"La pasta del formaggio è chiara con alone centrale sganciato.","La pasta del formaggio presenta un grande alone centrale e piccole macchie rosate."
"La pasta del formaggio è di colore omogeneo e abbastanza carico.","La pasta del formaggio è di colore carico con due macchie rosa."
"La pasta del formaggio è di colore paglierino abbastanza carico con zone più scure.","La pasta del formaggio presenta macchie rosa, colore chiaro e alone centrale più scuro."
"La pasta del formaggio è di colore chiaro, leggermente più carica al centro.","La pasta del formaggio è di colore paglierino omogenamente distribuito."
"La pasta del formaggio è paglierina nelle zone più chiare.","La pasta del formaggio presenta aloni nella zona occhiata evidenziati dalla frattura."
"La pasta del formaggio presenta un deciso alone centrale.","La pasta del formaggio è di colore omogeneo e non carico."
"La pasta del formaggio presenta un alone centrale bruno evidente.","La pasta del formaggio è di colore omogeneo."
"La pasta del formaggio non è paglierina, tendente all'ossidazione nel centro.","La pasta del formaggio è di colore carico abbastanza omogeneo."
"La pasta del formaggio presenta un lievissimo alone.","La pasta del formaggio è di colore carico tendente al bruno."
"La pasta del formaggio presenta un alone.","La pasta del formaggio è di colore giallo chiaro."
"La pasta del formaggio è di colore leggermente più carico al centro.","La pasta del formaggio presenta un alone nella zona con maggiore occhiatura."
"La pasta del formaggio è di colore tendente al rosato abbastanza uniforme.","La pasta del formaggio è di colore giallo carico e omogeneo."
"La pasta del formaggio presenta un alone centrale più scuro.","La pasta del formaggio è di colore chiaro con macchie rosate."
"La pasta del formaggio presenta un evidente alone centrale più scuro.","La pasta del formaggio è di colore paglierino carico omogeneo con riflesso verdognolo."
"La pasta del formaggio è di colore omogeneo.","La pasta del formaggio è di colore chiaro tendente al verde grigio."
"La pasta del formaggio presenta una fascia più chiara nella zona sottostante il piatto.","La pasta del formaggio è di colore omogeneo e chiaro."
"La pasta del formaggio presenta un colore carico al centro e non molto omogeneo.","La pasta del formaggio è di colore chiaro e uniforme ma con tonalità non tipica."
"La pasta del formaggio è di colore arancio carico.","La pasta del formaggio è di colore paglierino omogeneo."
"La pasta del formaggio presenta una fascia centrale di colore più scuro.","La pasta del formaggio presenta leggera tonalità verdastra negli angoli."
"La pasta del formaggio è di colore giallo poco carico, con sfumatura più chiara nella parte esterna.","La pasta del formaggio è di colore chiaro con leggero alone centrale."
"La pasta del formaggio presenta un chiaro alone centrale e macchie rosa.","La pasta del formaggio è omogenea e di colore bello, salvo le zone gessate."
"La pasta del formaggio presenta un alone centrale più scuro.","La pasta del formaggio è di colore giallo tendente al chiaro con aree verdognole."
"La pasta del formaggio è di colore poco carico e omogeneo.","La pasta del formaggio è di colore molto carico al centro."
"La pasta del formaggio presenta un colore carico in fascia subcentrale, disomogenea.","La pasta del formaggio è scura con alone centrale rosa."
"La pasta del formaggio è più chiara nella zona sottostante la crosta.","La pasta del formaggio è di colore estremamente carico al centro, molto più chiara in un angolo."
"La pasta del formaggio presenta un alone centrale e resto paglierino di colore chiaro.","La pasta del formaggio presenta un alone centrale tendente al rosato."
"La pasta del formaggio presenta un alone e zone biancastre per effetto di sgretolamento.","La pasta del formaggio è più chiara verso gli scalzi."
"La pasta del formaggio presenta un colore al centro tendente al rosato e più scuro.","La pasta del formaggio presenta centro più carico."
"La pasta del formaggio è di colore paglierino chiaro con alone centrale.","La pasta del formaggio presenta un alone centrale nocciola e differenza di colore fra le zone."
"La pasta del formaggio è di colore giallo poco carico ma omogeneo.","La pasta del formaggio presenta evidenti aloni rosa."
"La pasta del formaggio è più chiara verso i bordi.","La pasta del formaggio è di colore molto scuro con aree non omogenee."
"La pasta del formaggio presenta un alone centrale.","La pasta del formaggio è di colore molto carico al centro."
"La pasta del formaggio è di colore chiaro, leggermente più carica al centro.","La pasta del formaggio è scura con alone centrale rosa."
"La pasta del formaggio presenta un alone centrale più carico.","La pasta del formaggio è di colore estremamente carico al centro, molto più chiara in un angolo."
"La pasta del formaggio è di colore paglierino carico, quasi giallo, con alone grigio verde.","La pasta del formaggio presenta un alone centrale tendente al rosato."
"La pasta del formaggio è più chiara nelle zone vicino agli scalzi.","La pasta del formaggio è più chiara verso gli scalzi."
"La pasta del formaggio è di colore paglierino.","La pasta del formaggio presenta centro più carico."
"La pasta del formaggio è di colore giallo carico.","La pasta del formaggio presenta un alone centrale nocciola e differenza di colore fra le zone."
"La pasta del formaggio è di colore omogeneo non troppo carico.","La pasta del formaggio presenta evidenti aloni rosa."
"La pasta del formaggio è di colore giallo paglierino chiaro e omogeneo.","La pasta del formaggio è di colore molto scuro con aree non omogenee."
"La pasta del formaggio è di colore giallo carico, più accentuato verso il centro.","La pasta del formaggio presenta macchie rosa."
"La pasta del formaggio è di colore carico, tendente all'arancio.","La pasta del formaggio è di colore chiaro con tre macchie rosate."
"La pasta del formaggio presenta macchie rosate poco evidenti.","La pasta del formaggio è di colore chiaro e omogeneo."
"La pasta del formaggio presenta un colore carico al centro e non molto omogeneo.","La pasta del formaggio è di colore giallo chiaro con due macchie rosa centrali."
"La pasta del formaggio è più chiara in sottocrosta e più scura al centro.","La pasta del formaggio presenta qualche leggera macchia più scura."
"La pasta del formaggio presenta un alone molto evidente arancio rosato.","La pasta del formaggio è di colore giallo con alone più carico e piccole macchie rosate."
"La pasta del formaggio è di colore giallo chiaro omogeneo.","La pasta del formaggio è di colore chiara con macchie rosa."
"La pasta del formaggio è di colore omogeneo.","La pasta del formaggio presenta qualche macchia rosa."
"La pasta del formaggio è di colore chiaro e omogeneo.","La pasta del formaggio è di colore tendente al giallo paglierino."
"La pasta del formaggio è di colore paglierino carico, omogeneamente distribuito.","La pasta del formaggio è chiara e omogenea con qualche macchia rosata."
"La pasta del formaggio presenta un alone centrale scuro e macchia rosa su occhio.","La pasta del formaggio è di colore paglierino leggero con velature verdognole."
"La pasta del formaggio è di colore disomogeneo.","La pasta del formaggio è di colore carico verso il centro."
"La pasta del formaggio è di colore molto intenso.","La pasta del formaggio presenta una zona più chiara sotto il piatto e chiazza rosata."
"La pasta del formaggio è di colore carico abbastanza omogeneo.","La pasta del formaggio è più chiara ai bordi con una macchia rosata."
"La pasta del formaggio è di colore giallo chiaro con zone leggermente rosate al centro.","La pasta del formaggio è di colore giallo uniforme."
"La pasta del formaggio presenta leggeri aloni rosa centrali.","La pasta del formaggio è di colore giallo poco carico con qualche leggera macchia rosata."
"La pasta del formaggio è di colore giallo abbastanza carico, più intenso al centro.","La pasta del formaggio è di colore giallo molto carico."
"La pasta del formaggio presenta un colore più scuro in centro e aloni rosati.","La pasta del formaggio presenta un colore sfumato più scuro verso un piatto e macchia rosa."
"La pasta del formaggio presenta un alone centrale e zona sottocrostale bianchi.","La pasta del formaggio è di colore giallo arancio con zone verdognole."
"La pasta del formaggio è di colore paglierino intenso nella parte centrale, scarica agli esterni.","La pasta del formaggio è abbastanza uniforme, tendente al colore carico."
"La pasta del formaggio è di colore carico.","La pasta del formaggio è di colore uniforme."
"La pasta del formaggio presenta un alone centrale scuro.","La pasta del formaggio è di colore omogeneo, appena giallo."
"La pasta del formaggio è paglierina con riflessi grigi.","La pasta del formaggio è di colore giallo chiaro."
"La pasta del formaggio è paglierina chiara non omogenea, più carica centralmente con leggero alone grigiastro.","La pasta del formaggio è di colore giallo uniforme."
"La pasta del formaggio è di colore carico con alone centrale e qualche leggera macchia rosa.","La pasta del formaggio è di colore giallo leggermente carico e omogeneo."
"La pasta del formaggio è di colore non del tutto omogeneo.","La pasta del formaggio è di colore uniforme e chiaro."
"La pasta del formaggio è di colore giallo paglierino uniforme.","La pasta del formaggio è di colore carico omogeneo."
"La pasta del formaggio presenta una zona sottocrosta tendente al rosato che colora anche parte della pasta circostante.","La pasta del formaggio è di colore omogeneo e abbastanza carico."
"La pasta del formaggio è di colore omogeneo, chiaro e quasi paglierino.","La pasta del formaggio è di colore giallo paglierino leggermente grigiastro."
"La pasta del formaggio presenta sfumature dal giallo verde al giallo carico e alone.","La pasta del formaggio presenta una sfumatura rosa vicino alla sottocrosta."
"La pasta del formaggio è di colore giallo intenso e uniforme.","La pasta del formaggio presenta zone rosastre verso la crosta."
"La pasta del formaggio è di colore chiaro e omogeneo.","La pasta del formaggio presenta un alone più scuro e macchie rosa."
"La pasta del formaggio è di colore carico ma abbastanza uniforme.","La pasta del formaggio presenta una fascia più scura in zona sottocrosta."
"La pasta del formaggio è tendente al giallo carico con tonalità nocciola.","La pasta del formaggio presenta una striscia scura."
"La pasta del formaggio presenta un alone carico centrale.","La pasta del formaggio è di colore carico con strisce."
"La pasta del formaggio è di colore giallo con disomogeneità poco evidente.","La pasta del formaggio presenta una zona rosa e biancastra."
"La pasta del formaggio è di colore giallo carico, più intenso al centro.","La pasta del formaggio presenta una striscia più scura parallela a un piatto."
"La pasta del formaggio presenta un leggero alone.","La pasta del formaggio è di colorazione tendente al chiaro e omogenea."
"La pasta del formaggio presenta un colore abbastanza omogeneo e qualche area nocciola.","La pasta del formaggio è di colore tendenzialmente chiaro e omogeneo."
"La pasta del formaggio presenta un colore più carico al centro e banda rosata.","La pasta del formaggio è di colore decisamente carico."
"La pasta del formaggio è di colore dal giallo chiaro leggermente grigiastro al giallo medio.","La pasta del formaggio è di colore molto carico, più chiara su un lato."
"La pasta del formaggio è di colore arancio.","La pasta del formaggio è di colore abbastanza omogeneo, tendente al giallo saturo."
"La pasta del formaggio presenta macchie scure centrali e zona più scura verso un piatto.","La pasta del formaggio è di colore molto carico."
"La pasta del formaggio presenta un alone centrale più carico e macchie rosate.","La pasta del formaggio presenta due fasce di colore, una più scura sul piatto."
"La pasta del formaggio è di colore omogeneo, escludendo la sfumatura della crosta.","La pasta del formaggio è di colore intenso con alone centrale e verso un lato."
"La pasta del formaggio è di colore carico.","La pasta del formaggio è di colore omogeneo."
"La pasta del formaggio è di colore carico al centro.","La pasta del formaggio presenta un alone centrale carico."
"La pasta del formaggio presenta un colore carico al centro.","La pasta del formaggio è di colore chiaro con netto alone centrale e chiazza rosata."
"La pasta del formaggio presenta periferia chiara e centro appena più saturo.","La pasta del formaggio è paglierina ai bordi e di colore carico al centro, non molto gialla."
"La pasta del formaggio è di colore giallo carico con alone centrale più scuro.","La pasta del formaggio presenta un alone centrale molto scuro."
"La pasta del formaggio presenta macchie rosa.","La pasta del formaggio presenta un alone centrale marcato su fondo molto chiaro."
"La pasta del formaggio presenta un leggero alone centrale.","La pasta del formaggio è di colore chiara con deciso alone centrale."
"La pasta del formaggio presenta un leggero alone e colore chiaro.","La pasta del formaggio presenta una sfumatura leggermente più intensa nella zona centrale."
"La pasta del formaggio è di colore più carico al centro.","La pasta del formaggio è di colore paglierino omogeneo."
"La pasta del formaggio è di colore carico e aranciato.","La pasta del formaggio è di colore giallo carico uniforme."
"La pasta del formaggio presenta un alone evidente rosato, fascia e macchie in prossimità della frattura.","La pasta del formaggio è di colore chiaro paglierino, omogeneo."
"La pasta del formaggio presenta un alone rosato localizzato al centro.","La pasta del formaggio è di colore carico."
"La pasta del formaggio è di colore abbastanza omogeneo, non molto carico.","La pasta del formaggio è più scura verso il piatto."
"La pasta del formaggio è di colore omogeneo.","La pasta del formaggio è di colore carico omogeneo."
"La pasta del formaggio è di colore giallo abbastanza omogeneo con leggero alone centrale.","La pasta del formaggio è di colore giallo piuttosto carico."
"La pasta del formaggio è di colore abbastanza omogeneo e leggermente carico.","La pasta del formaggio è di colore giallo piuttosto carico."
"La pasta del formaggio presenta una potenziale macchia al centro.","La pasta del formaggio è di colore giallo carico e omogeneo."
"La pasta del formaggio è di colore carico.","La pasta del formaggio è di colore paglierino carico omogeneo, con tonalità leggermente ambrata nel sottocrosta."
"La pasta del formaggio presenta un colore appena più carico al centro.","La pasta del formaggio è di colore paglierino carico."
"La pasta del formaggio presenta un alone centrale carico e lievi riflessi rosati.","La pasta del formaggio è di colore aranciato uniforme."
"La pasta del formaggio presenta un alone leggero centrale e tinte chiare.","La pasta del formaggio è di colore omogeneo e chiaro."
"La pasta del formaggio è di colore giallo chiaro con alone più carico e sfumatura rosata nelle aree spugnose.","La pasta del formaggio è di colore paglierino omogeneo non carico."
"La pasta del formaggio è di colore paglierino chiaro, con alone leggermente più scuro e ulteriori macchie ancora più scure.","La pasta del formaggio è di colore giallo abbastanza carico e omogeneo."
"La pasta del formaggio non è paglierina ma di colore chiaro.","La pasta del formaggio è di colore uniforme con leggerissima zona rosata."
"La pasta del formaggio presenta una fascia più chiara rispetto al piatto.","La pasta del formaggio è di colore intenso e omogeneo."
"La pasta del formaggio non è omogenea, più chiara al centro.","La pasta del formaggio è di colore paglierino carico, omogeneo."
"La pasta del formaggio è di colore chiaro, tendente al paglierino, abbastanza omogenea.","La pasta del formaggio è di colore carico tendente al grigio nella zona centrale."
"La pasta del formaggio è di colore omogeneo.","La pasta del formaggio è di colore saturo nella porzione centrale."
"La pasta del formaggio presenta una macchia poco visibile.","La pasta del formaggio è di colore giallo saturo con zona più chiara."
"La pasta del formaggio è di colore giallo saturo con zona più chiara.","La pasta del formaggio è di colore abbastanza omogeneo."
"La pasta del formaggio presenta un alone centrale più scuro.","La pasta del formaggio è di colore carico ma omogeneo."
"La pasta del formaggio è di colore paglierino chiaro con alone centrale.","La pasta del formaggio è di colore carico e tendente all'intenso a tratti."
"La pasta del formaggio è di colore molto carico.","La pasta del formaggio è di colore giallo carico e omogeneo."
"La pasta del formaggio presenta colorazione a fasce.","La pasta del formaggio è di colore giallo carico tendente all'arancio e nocciola."
"La pasta del formaggio è di colore giallo chiaro con alone centrale.","La pasta del formaggio è di colore giallo tendente all'intenso."
"La pasta del formaggio presenta un alone marcato al centro.","La pasta del formaggio è di colore paglierino carico non uniforme con alone grigio verde."
"La pasta del formaggio presenta due fasce rosate e leggero alone centrale.","La pasta del formaggio è di colore chiaro e uniforme."
"La pasta del formaggio presenta zone rosate e grigiastre.","La pasta del formaggio è di colore paglierino chiaro e omogeneo."
"La pasta del formaggio è di colore molto carico.","La pasta del formaggio è di colore paglierino."
"La pasta del formaggio è di colore regolare.","La pasta del formaggio è di colore chiaro e omogeneo."
"La pasta del formaggio è di colore carico aranciato.","La pasta del formaggio è di colore chiaro omogeneo."
"La pasta del formaggio presenta un alone centrale.","La pasta del formaggio è di colore chiaro e abbastanza omogenea."
"La pasta del formaggio è di colore molto carico e omogeneo.","La pasta del formaggio è di colore giallo scarico abbastanza omogeneo."
"La pasta del formaggio presenta un alone centrale e macchie rosa.","La pasta del formaggio è di colore chiaro e omogeneo."
"La pasta del formaggio presenta un alone appena più carico.","La pasta del formaggio è di colore chiaro tendente al bianco."
"La pasta del formaggio è di colore chiaro, rosa arancio pallido.","La pasta del formaggio è di colore paglierino con riflessi verdastri."
"La pasta del formaggio presenta un'enorme striscia rosa e alone centrale scuro.","La pasta del formaggio è di colore decisamente carico."
"La pasta del formaggio presenta una fascia più scura su fondo più chiaro.","La pasta del formaggio è di colore carico grigiastro."
"La pasta del formaggio presenta un alone giallo carico centrale.","La pasta del formaggio è di colore giallo paglierino non proprio chiaro con note tendenti al verde grigiastro."
"La pasta del formaggio presenta un colore disomogeneo, più chiara verso gli scalzi.","La pasta del formaggio è di colore carico, abbastanza omogenea."
"La pasta del formaggio è di colore molto marcato e omogeneo.","La pasta del formaggio è di colore giallo carico."
"La pasta del formaggio è di colore tendente al chiaro e uniforme.","La pasta del formaggio è di colore carico, leggermente più scura al centro."
"La pasta del formaggio è di colore carico e uniforme.","La pasta del formaggio è di colore intenso, più marcato al centro."
"La pasta del formaggio presenta un colore carico al centro.","La pasta del formaggio è di colore scuro non uniforme."
"La pasta del formaggio è di colore intenso con leggero alone.","La pasta del formaggio è di colore carico ma abbastanza uniforme."
"La pasta del formaggio presenta un alone quasi bianco.","La pasta del formaggio è di colore tendenzialmente carico, più chiara verso gli scalzi."
"La pasta del formaggio è di colore paglierino carico omogeneo, con tonalità leggermente ambrata nel sottocrosta.","La pasta del formaggio è di colore giallo con leggere sfumature rosate."
"La pasta del formaggio è di colore intenso e più carico nella zona sottostante il piatto.","La pasta del formaggio è di colore intenso, abbastanza omogeneo."
"La pasta del formaggio è di colore chiaro paglierino, omogeneo.","La pasta del formaggio è di colore carico, abbastanza omogeneo, con lievi note rosate."
"La pasta del formaggio è più chiara nella zona esterna.","La pasta del formaggio è di colore giallo tendente al carico nocciola."
"La pasta del formaggio è di colore chiaro tendente al paglierino, leggermente più carico al centro.","La pasta del formaggio presenta cristalli bianchi omogeneamente diffusi e sottopasta più carico."
"La pasta del formaggio è di colore difettoso.","La pasta del formaggio è di colore chiaro e uniforme."
"La pasta del formaggio presenta un alone tendente al rosato.","La pasta del formaggio è di colore giallo saturo con zone leggermente più chiare."
"La pasta del formaggio è di colore giallo carico, più accentuato verso il centro.","La pasta del formaggio è di colore omogeneo."
"La pasta del formaggio presenta un colore più carico al centro e macchie rosa.","La pasta del formaggio è più chiara nella zona sottocorticale con leggero alone centrale."
"La pasta del formaggio è di colore chiaro e omogeneo.","La pasta del formaggio è di colore abbastanza omogeneo."
"La pasta del formaggio è di colore carico con zone più chiare e qualche macchia rosata.","La pasta del formaggio è di colore chiaro e omogeneo."
"La pasta del formaggio è di colore omogeneo e intenso.","La pasta del formaggio è di colore abbastanza uniforme, tendente al grigio e leggero."
"La pasta del formaggio è di colore leggermente sfumato.","La pasta del formaggio presenta un colore leggermente disomogeneo."
"La pasta del formaggio è di colore leggermente carico e omogeneo.","La pasta del formaggio è di colore giallo uniforme non carico."
"La pasta del formaggio è di colore giallo chiaro.","La pasta del formaggio è di colore abbastanza carico e omogeneo."
"La pasta del formaggio presenta riflessi rosati.","La pasta del formaggio è di colore più carico al centro."
"La pasta del formaggio è più scura al centro.","La pasta del formaggio presenta colorazione variabile e aree aranciate verso gli scalzi."
"La pasta del formaggio presenta un lieve alone centrale.","La pasta del formaggio è di colore carico al centro."
"La pasta del formaggio è di colore abbastanza carico ed omogeneo, con presenza di aloni rosa.","La pasta del formaggio è di colore giallo leggermente grigiastro con alone."
"La pasta del formaggio presenta zone più chiare verso i bordi.","La pasta del formaggio presenta un colore carico nella parte centrale e colore non chiaro verso l'esterno."
"La pasta del formaggio è di colore giallo molto carico.","La pasta del formaggio presenta un leggero alone centrale."
"La pasta del formaggio presenta vistose aree di colorazione alterata.","La pasta del formaggio è di colore carico uniforme."
"La pasta del formaggio presenta un alone orientato verso uno dei due piatti.","La pasta del formaggio è di colore giallo chiaro con alone centrale."
"La pasta del formaggio presenta un alone centrale, più chiara nelle zone sotto un piatto e uno scalzo.","La pasta del formaggio è di colore carico con alone centrale."
"La pasta del formaggio è di colore chiaro verso gli scalzi e più carico al centro, con saturazione non molto intensa.","La pasta del formaggio presenta un leggero alone centrale tendente allo scuro ma comunque chiara."
"La pasta del formaggio presenta macchie rosa.","La pasta del formaggio è paglierina chiara non omogenea, più carica centralmente con leggero alone grigiastro."
"La pasta del formaggio è di colore omogeneo.","La pasta del formaggio è molto chiara con leggero alone centrale."
"La pasta del formaggio è di colore carico aranciato.","La pasta del formaggio è di colore carico e uniforme."
"La pasta del formaggio è di colore carico omogeneo.","La pasta del formaggio è di colore saturo, non troppo carico e omogeneo."
"La pasta del formaggio è di colore leggermente più carico in una metà, mediamente uniforme.","La pasta del formaggio presenta colorazione rosata ai bordi."
"La pasta del formaggio presenta un alone centrale scuro.","La pasta del formaggio è di colore giallo carico."
"La pasta del formaggio è di colore carico, leggermente più scura al centro.","La pasta del formaggio è di colore paglierino chiaro omogeneo."
"La pasta del formaggio è di colore carico non accentuato.","La pasta del formaggio è di colore giallo abbastanza carico."
"La pasta del formaggio è di colore giallo carico al centro, ancora più intenso in alcune zone, con tendenza al rosa.","La pasta del formaggio è di colore regolare."
"La pasta del formaggio presenta un evidente alone centrale più scuro.","La pasta del formaggio è di colore omogeneo ma carico."
"La pasta del formaggio presenta un lievissimo alone.","La pasta del formaggio è di colore paglierino carico con leggero alone verde grigiastro."
"La pasta del formaggio presenta un leggero alone e colore tendente al chiaro.","La pasta del formaggio è di colore carico aranciato."
"La pasta del formaggio presenta un alone centrale tendente al rosa.","La pasta del formaggio è di colore molto carico con fascia leggermente più chiara sotto un piatto."
"La pasta del formaggio è di colore carico omogeneo.","La pasta del formaggio è di colore giallo grigiastro."
"La pasta del formaggio è di colore giallo chiaro.","La pasta del formaggio è di colore molto carico e aranciato."
"La pasta del formaggio è di colore carico, sganciato.","La pasta del formaggio è di colore giallo molto carico."
"La pasta del formaggio è di colore giallo poco carico con zone rosa.","La pasta del formaggio è di colore molto intenso e sfumato fra i piatti."
"La pasta del formaggio è di colore molto carico, omogeneo.","La pasta del formaggio è di colore giallo intenso con alone centrale."
"La pasta del formaggio è di colore carico con qualche leggera zona rosata.","La pasta del formaggio presenta un alone centrale molto evidente."
"La pasta del formaggio è di colore giallo carico al centro, più chiara verso il piatto, con zone grigiastre.","La pasta del formaggio presenta un evidente alone scuro."
"La pasta del formaggio presenta una zona centrale rosata.","La pasta del formaggio è bicolore con colore molto saturo al centro."
"La pasta del formaggio è di colore molto carico al centro.","La pasta del formaggio presenta un'ampia macchia interna rosata."
"La pasta del formaggio è più gialla nella zona centrale.","La pasta del formaggio presenta un alone centrale."
"La pasta del formaggio è di colore omogeneo.","La pasta del formaggio presenta un alone centrale marcato."
"La pasta del formaggio è di colore molto carico e omogeneo.","La pasta del formaggio presenta un vistoso alone centrale più scuro."
"La pasta del formaggio presenta un alone e zone rosate.","La pasta del formaggio presenta un deciso alone centrale aranciato."
"La pasta del formaggio è di colore molto carico.","La pasta del formaggio presenta un evidente alone centrale di colore nocciola."
"La pasta del formaggio presenta un alone centrale più scuro.","La pasta del formaggio presenta un alone centrale marcato."
"La pasta del formaggio è di colore giallo tendente al chiaro e piuttosto luminoso.","La pasta del formaggio presenta una macchia molto scura al centro."
"La pasta del formaggio è di colore scuro carico.","La pasta del formaggio presenta un alone centrale molto evidente."
"La pasta del formaggio è di colore a fasce.","La pasta del formaggio presenta un evidente alone scuro."
"La pasta del formaggio è di colore giallo con leggero alone rosato.","La pasta del formaggio è bicolore con colore molto saturo al centro."
"La pasta del formaggio presenta un lievissimo alone.","La pasta del formaggio presenta un'ampia macchia interna rosata."
"La pasta del formaggio presenta una presenza di cristalli bianchi evidenti, omogenea.","La pasta del formaggio presenta un alone centrale."
"La pasta del formaggio presenta molte macchie rosa che formano una fascia.","La pasta del formaggio presenta un alone centrale marcato."
"La pasta del formaggio è di colore omogeneo.","La pasta del formaggio presenta un vistoso alone centrale più scuro."
"La pasta del formaggio è di colore molto carico.","La pasta del formaggio presenta un deciso alone centrale aranciato."
"La pasta del formaggio presenta una parte più chiara.","La pasta del formaggio presenta un evidente alone centrale di colore nocciola."
"La pasta del formaggio presenta viraggio verso tonalità rosato-marrone verso gli scalzi.","La pasta del formaggio presenta un alone centrale marcato."
"La pasta del formaggio è di colore chiaro e abbastanza omogeneo.","La pasta del formaggio presenta una macchia molto scura al centro."
"La pasta del formaggio è di colore omogeneo e abbastanza chiaro.","La pasta del formaggio presenta un alone centrale non carico."
"La pasta del formaggio presenta un grande alone centrale intenso.","La pasta del formaggio è di colore chiaro con zona bianca sotto lo scalzo e alone centrale."
"La pasta del formaggio presenta un leggero alone e zona più chiara su un lato.","La pasta del formaggio è di colore giallo paglierino chiarissimo verso lo scalzo, appena più carico al centro."
"La pasta del formaggio è di colore poco saturo, leggermente più carico verso il centro.","La pasta del formaggio presenta una macchia più scura al centro."
"La pasta del formaggio presenta alcune zone grigiastre, zona molto chiara e parte interna più scura.","La pasta del formaggio presenta un leggeri alone più carico in centro."
"La pasta del formaggio è più scura al centro con qualche macchia rosata.","La pasta del formaggio è più chiara nella zona sottostante uno scalzo, con leggero alone."
"La pasta del formaggio è di colore paglierino chiaro con tonalità lievemente più carica al centro.","La pasta del formaggio presenta un evidente alone centrale più scuro."
"La pasta del formaggio presenta colorazione disomogenea.","La pasta del formaggio è tendente al chiaro e omogenea."
"La pasta del formaggio è abbastanza uniforme, tendente al colore carico.","La pasta del formaggio è di colore giallo carico tendenzialmente non uniforme."
"La pasta del formaggio è tendente al rosa vicino al piatto.","La pasta del formaggio presenta un evidente alone centrale."
"La pasta del formaggio è di colore paglierino chiaro.","La pasta del formaggio presenta un alone centrale più scuro e banda chiara sotto la crosta."
"La pasta del formaggio presenta un alone leggerissimo.","La pasta del formaggio presenta una porzione centrale più carica, colore poco saturo."
"La pasta del formaggio è tendente al verde grigio verso la crosta, non uniforme, di colore carico.","La pasta del formaggio è più gialla nella zona centrale."
"La pasta del formaggio è di colore giallo poco saturo.","La pasta del formaggio presenta un alone centrale più scuro."
"La pasta del formaggio è di colore molto carico.","La pasta del formaggio è di colore carico e aranciato."
"La pasta del formaggio è di colore giallo carico omogeneo.","La pasta del formaggio è da colore giallo chiaro a giallo carico verso il centro con alone."
"La pasta del formaggio presenta un colore rosato al centro e macchie.","La pasta del formaggio presenta un alone centrale arancio rosato."
"La pasta del formaggio non è paglierina.","La pasta del formaggio presenta una macchia centrale più scura."
"La pasta del formaggio presenta una macchia bruna vicino al centro.","La pasta del formaggio presenta un alone centrale scuro."
"La pasta del formaggio presenta vistose aree di colorazione alterata.","La pasta del formaggio è di colore aranciato."
"La pasta del formaggio presenta macchie rosa.","La pasta del formaggio è di colore carico e uniforme."
"La pasta del formaggio è di colore abbastanza omogeneo, giallo chiaro ai bordi e lievemente più carico al centro.","La pasta del formaggio è di colore giallo carico al centro, tendente al più leggero verso l'esterno."
"La pasta del formaggio è di colore carico e uniforme.","La pasta del formaggio è di colore giallina."
"La pasta del formaggio è di colore decisamente carico.","La pasta del formaggio è di colore giallo carico."
"La pasta del formaggio è più scura al centro.","La pasta del formaggio è di colore carico omogeneo."
"La pasta del formaggio è di colore poco carico e omogeneo.","La pasta del formaggio è di colore giallo con leggero alone rosato."
"La pasta del formaggio è di colore omogeneo.","La pasta del formaggio è di colore carico e leggermente più intenso al centro."
"La pasta del formaggio è di colore giallo carico.","La pasta del formaggio è di colore eccessivamente carico."
"La pasta del formaggio presenta un leggero alone.","La pasta del formaggio è di colore giallo tendente allo scuro, non del tutto uniforme."
"La pasta del formaggio è di colore giallo carico.","La pasta del formaggio presenta un alone centrale tendente all'aranciato."
"La pasta del formaggio è di colore abbastanza omogeneo, non molto carico.","La pasta del formaggio presenta un alone più scuro."
"La pasta del formaggio è di colore giallo tendente al carico.","La pasta del formaggio è di colore giallo carico al centro."
"La pasta del formaggio presenta un alone centrale di colore scuro e tendenzialmente carico.","La pasta del formaggio presenta un colore non omogeneo."
"La pasta del formaggio presenta un'enorme striscia rosa e alone centrale scuro.","La pasta del formaggio è di colore paglierino."
"La pasta del formaggio è di colore giallo paglierino chiaro uniforme.","La pasta del formaggio è di colore poco carico, leggermente più scura al centro."
"La pasta del formaggio presenta un colore non omogeneo e alone.","La pasta del formaggio è di colore giallo non carico con leggeri alone più gialli e sfumature leggermente rosacee."
"La pasta del formaggio presenta aloni nella zona occhiata evidenziati dalla frattura.","La pasta del formaggio presenta un alone centrale."
"La pasta del formaggio presenta un colore carico al centro.","La pasta del formaggio è di colore più carico al centro."
"La pasta del formaggio è di colore chiaro e abbastanza uniforme.","La pasta del formaggio presenta un alone di colore carico."
"La pasta del formaggio presenta un alone leggerissimo.","La pasta del formaggio è di colore carico, sganciato."
"La pasta del formaggio è di colore paglierino chiaro.","La pasta del formaggio è di colore carico e uniforme."
"La pasta del formaggio è di colore giallo chiaro con alone più carico e sfumatura rosata nelle aree spugnose.","La pasta del formaggio è di colore giallo molto carico, omogenea."
"La pasta del formaggio è di colore chiaro tendente all'aranciato, uniforme.","La pasta del formaggio è di colore giallo carico."
"La pasta del formaggio presenta un colore carico al centro.","La pasta del formaggio è di colore molto carico e omogeneo."
"La pasta del formaggio presenta un colore più carico al centro e macchie rosa.","La pasta del formaggio è di colore giallo piuttosto carico e uniforme."
"La pasta del formaggio è di colore giallo leggermente carico.","La pasta del formaggio è di colore molto carico."
"La pasta del formaggio presenta un leggero alone centrale.","La pasta del formaggio è di colore omogeneo ma eccessivamente carico."
"La pasta del formaggio presenta una fascia centrale di colore più carico.","La pasta del formaggio è di colore scuro tendente al grigio."
"La pasta del formaggio presenta un colore carico al centro.","La pasta del formaggio è di colore molto carico al centro."
"La pasta del formaggio è più gialla nella zona centrale.","La pasta del formaggio è di colore molto carico con alone che sfuma verso un piatto più bianco."
"La pasta del formaggio presenta un leggero alone centrale.","La pasta del formaggio presenta un alone leggero centrale e tinte chiare."
"La pasta del formaggio è di colore paglierino omogenamente distribuito.","La pasta del formaggio presenta un alone centrale."
"La pasta del formaggio è di colore carico ma abbastanza uniforme.","La pasta del formaggio è di colore giallo non carico, con alone centrale più scuro e sfumatura rosata."
"La pasta del formaggio presenta una zona leggermente rosata.","La pasta del formaggio è grigiastra con evidente alone nocciola al centro."
"La pasta del formaggio è più chiara nelle zone di fitta microocchiatura.","La pasta del formaggio presenta un grande alone centrale scuro."
"La pasta del formaggio è di colore appena più saturo al centro.","La pasta del formaggio presenta un colore carico al centro."
"La pasta del formaggio è tendenzialmente omogenea, tendente al rossiccio in prossimità della crosta.","La pasta del formaggio è di colore chiaro e uniforme."
"La pasta del formaggio presenta una zona sottocrosta tendente al rosato che colora anche parte della pasta circostante.","La pasta del formaggio è di colore omogeneo e chiaro."
"La pasta del formaggio è di colore abbastanza omogeneo.","La pasta del formaggio è di colore chiaro."
"La pasta del formaggio è di colore marcato al centro.","La pasta del formaggio è di colore giallo chiaro con leggere macchioline rosate."
"La pasta del formaggio è di colore chiaro, leggermente più carico al centro, con lieve macchia rosata al taglio.","La pasta del formaggio presenta un colore poco carico, leggermente più intenso al centro, e presenza di grani di tirosina."
"La pasta del formaggio è di colore chiaro e uniforme ma con tonalità non tipica.","La pasta del formaggio è di colore tendente al chiaro e uniforme."
"La pasta del formaggio è di colore abbastanza chiaro e omogeneo.","La pasta del formaggio è di colore abbastanza omogeneo."
"La pasta del formaggio è di colore paglierino con presenza di cristalli.","La pasta del formaggio è di colore abbastanza uniforme."
"La pasta del formaggio è di colore paglierino carico, tendente al rossastro negli angoli.","La pasta del formaggio è di colore giallo chiaro con leggere sfumature grigiastre verso gli scalzi."
"La pasta del formaggio non è paglierina ma di colore chiaro.","La pasta del formaggio presenta leggero grigio nella zona sottocrosca."
"La pasta del formaggio presenta un alone centrale più scuro.","La pasta del formaggio è di colore chiaro uniforme."
"La pasta del formaggio è di colore carico al centro e più chiaro verso la crosta.","La pasta del formaggio presenta un colore non omogeneo, più marcato nel centro e più chiaro in sottocrosta."
"La pasta del formaggio è di colore tendenzialmente omogeneo e non troppo marcato.","La pasta del formaggio è più scura al centro con chiazza rosata."
"La pasta del formaggio è di colore chiaro e abbastanza omogeneo.","La pasta del formaggio presenta un colore poco omogeneo."
"La pasta del formaggio presenta una parte di colore molto chiaro quasi bianco, il resto più carico.","La pasta del formaggio è di colore giallo poco carico con alone più scuro al centro."
"La pasta del formaggio è più chiara nella zona sottocrostale con alone centrale.","La pasta del formaggio è di colore giallo carico."
"La pasta del formaggio è di colore giallo carico e uniforme.","La pasta del formaggio presenta un colore più carico al centro rispetto alla zona vicino ai piatti."
"La pasta del formaggio è di colore giallo chiaro piuttosto omogeneo.","La pasta del formaggio è di colore intenso al centro."
"La pasta del formaggio presenta leggera colorazione rosata e zone chiare.","La pasta del formaggio presenta un colore non molto omogeneo, più carico al centro."
"La pasta del formaggio è di colore paglierino chiaro omogeneo.","La pasta del formaggio è di colore giallo troppo carico."
"La pasta del formaggio è più chiara nella zona sottocorticale ma abbastanza omogenea nel colore.","La pasta del formaggio è più chiara nella zona sottocorticale ma abbastanza omogenea nel colore."
"La pasta del formaggio è di colore paglierino carico con leggero alone verde grigiastro.","La pasta del formaggio è di colore giallo paglierino marcato."
"La pasta del formaggio è di colore giallo piuttosto carico.","La pasta del formaggio è di colore abbastanza chiaro e omogeneo."
"La pasta del formaggio è di colore giallo carico abbastanza uniforme.","La pasta del formaggio è di colore abbastanza chiaro e uniforme."
"La pasta del formaggio presenta un colore non omogeneo lateralmente.","La pasta del formaggio è di colore leggermente carico e omogeneo."
"La pasta del formaggio è di colore carico con leggero alone.","La pasta del formaggio non è molto chiara ma abbastanza omogenea."
"La pasta del formaggio è di colore chiaro con centro più bianco.","La pasta del formaggio è di colore abbastanza omogeneo e chiaro."
"La pasta del formaggio presenta un lievissimo alone.","La pasta del formaggio è di colore carico ma omogeneo."
"La pasta del formaggio è di colore abbastanza omogeneo e chiaro.","La pasta del formaggio è di colore giallo carico omogeneo."
"La pasta del formaggio presenta una sfumatura più chiara verso la crosta.","La pasta del formaggio è di colore chiaro tendente al grigio."
"La pasta del formaggio è di colore leggermente più carico al centro.","La pasta del formaggio è di colore carico con banda più chiara nella zona sottocrostale e colore più scuro nella zona centrale."
"La pasta del formaggio è bicolore.","La pasta del formaggio è di colore carico, tendente all'arancio."
"La pasta del formaggio presenta un alone carico centrale.","La pasta del formaggio presenta un colore leggermente non omogeneo."
"La pasta del formaggio è di colore carico non accentuato.","La pasta del formaggio è di colore giallo poco carico ma omogeneo."
"La pasta del formaggio è di colore giallo chiaro con due macchie rosa centrali.","La pasta del formaggio è di colore giallo chiaro uniforme."
"La pasta del formaggio è di colore carico omogeneo.","La pasta del formaggio è di colore chiaro aranciato con fascia bianca sottocorticale e zona piatta."
"La pasta del formaggio è di colore carico, quasi nocciola, abbastanza omogenea.","La pasta del formaggio è di colore disomogeneo."
"La pasta del formaggio è di colore chiaro e omogeneo.","La pasta del formaggio è di colore molto chiaro con qualche leggerissima macchia rosa."
"La pasta del formaggio presenta un alone vistoso.","La pasta del formaggio è di colore chiaro e abbastanza omogeneo."
"La pasta del formaggio è di colore carico.","La pasta del formaggio è di colore tendenzialmente chiaro con aree più chiare verso l'esterno."
"La pasta del formaggio è di colore tendente al chiaro e uniforme.","La pasta del formaggio presenta macchie rosa e colore chiaro."
"La pasta del formaggio presenta un alone centrale più scuro.","La pasta del formaggio è di colore leggermente carico al centro."
"La pasta del formaggio è di colore giallo abbastanza omogeneo con leggero alone centrale.","La pasta del formaggio è uniforme con tonalità biancastra in superficie e marrone in sottocrosta."
"La pasta del formaggio presenta colorazione marrone nella zona sottostante uno dei piatti.","La pasta del formaggio presenta aree di colore diverso."
"La pasta del formaggio presenta un colore rosato al centro e macchie.","La pasta del formaggio è di colore poco carico e omogeneo."
"La pasta del formaggio presenta una potenziale macchia al centro.","La pasta del formaggio presenta una lieve sfumatura di colore verso l'esterno."
"La pasta del formaggio è di colore marrone rossiccio.","La pasta del formaggio è di colore giallo abbastanza omogeneo con leggero alone centrale."
"La pasta del formaggio presenta un colore poco omogeneo.","La pasta del formaggio è paglierina molto scarica con riflessi grigi."
"La pasta del formaggio è più chiara verso l'esterno.","La pasta del formaggio è di colore chiaro."
"La pasta del formaggio è di colore chiaro abbastanza omogeneo.","La pasta del formaggio è di colore aranciato uniforme."
"La pasta del formaggio è di colore chiaro e omogeneo.","La pasta del formaggio è di colore omogeneo e chiaro."
"La pasta del formaggio è di colore omogeneo ma molto carico.","La pasta del formaggio presenta colorazione rosata ai bordi e alle zone scalze."
"La pasta del formaggio è di colore più carico al centro.","La pasta del formaggio è di colore chiaro ma pallido, anomalo per il grana."
"La pasta del formaggio presenta un alone centrale e resto paglierino di colore chiaro.","La pasta del formaggio è di colore omogeneo."
"La pasta del formaggio è disomogenea, con colore eccessivamente carico al centro.","La pasta del formaggio è di colore omogeneo mediamente carico."
"La pasta del formaggio è di colore omogeneo su tutto il taglio, non paglierina ma appena più carica.","La pasta del formaggio è di colore paglierino carico con velature grige."
"La pasta del formaggio è di colore chiaro, non paglierina, omogeneo.","La pasta del formaggio è di colore giallo carico, abbastanza uniforme."
"La pasta del formaggio presenta un colore non uniforme, base paglierina chiara tendente al grigio con striscia scura estesa e parallela a un piatto.","La pasta del formaggio è di colore giallo carico, omogeneamente distribuito."
"La pasta del formaggio è disidratata in una parte.","La pasta del formaggio è di colore giallo saturo."
"La pasta del formaggio è di colore paglierino scarico non omogeneo.","La pasta del formaggio è di colore carico omogeneo."
"La pasta del formaggio è di colore giallo chiaro omogeneo, tendente al paglierino.","La pasta del formaggio è di colore molto carico e omogeneo."
"La pasta del formaggio è di colore giallo carico e abbastanza omogeneo.","La pasta del formaggio è di colore giallo carico tendente all'arancio."
"La pasta del formaggio presenta un alone centrale scuro.","La pasta del formaggio è di colore troppo carico."
"La pasta del formaggio presenta un alone centrale scuro.","La pasta del formaggio è di colore scuro carico."
"La pasta del formaggio è di colore carico.","La pasta del formaggio è di colore dorato."
"La pasta del formaggio è abbastanza omogenea, leggermente più scura su un lato.","La pasta del formaggio presenta un alone carico al centro."
"La pasta del formaggio è di colore giallo con ombre rosate.","La pasta del formaggio presenta un alone centrale e zona sottoposta più bianca."
"La pasta del formaggio presenta un alone centrale leggerissimo.","La pasta del formaggio è più chiara verso lo scalzo."
"La pasta del formaggio presenta zone verdastre negli angoli e arancioni.","La pasta del formaggio è più chiara verso gli scalzi."
"La pasta del formaggio presenta una possibile macchia rosata.","La pasta del formaggio è più chiara lateralmente."
"La pasta del formaggio è di colore leggermente rosato e uniforme.","La pasta del formaggio presenta un alone centrale, più chiara nelle zone sotto un piatto e uno scalzo."
"La pasta del formaggio è di colore carico con fascia bruna molto marcata.","La pasta del formaggio è di colore piuttosto chiara anche se con zone di tonalità diversa."
"La pasta del formaggio è di colore giallina.","La pasta del formaggio presenta un alone scuro non uniforme."
"La pasta del formaggio è di colore leggermente carico al centro.","La pasta del formaggio presenta un alone in prossimità della frattura."
"La pasta del formaggio presenta strisce rosa su alone centrale.","La pasta del formaggio presenta un netto alone rosato e macchie."
"La pasta del formaggio presenta colorazione rosata ai bordi.","La pasta del formaggio presenta un colore più carico al centro."
"La pasta del formaggio non è paglierina.","La pasta del formaggio presenta numerose macchie rosate e colore disomogeneo."
"La pasta del formaggio è di colore tendente al chiaro e uniforme.","La pasta del formaggio è di colore paglierino più carico verso il centro."
"La pasta del formaggio è di colore chiaro con leggero alone centrale e leggera macchia rosata.","La pasta del formaggio presenta una zona centrale più scura."
"La pasta del formaggio è di colore medio tendente al carico.","La pasta del formaggio presenta un alone centrale e anello rosato, più chiara sotto la crosta e uno scalzo."
"La pasta del formaggio presenta un evidente alone centrale più scuro e fascia rosata su un lato.","La pasta del formaggio è di colore giallo medio carico con qualche zona rosata."
"La pasta del formaggio è più scura al centro, tendenzialmente di colore carico.","La pasta del formaggio presenta macchie rosa e colorazione non uniforme, tendente al chiaro."
"La pasta del formaggio è di colore tendente al chiaro e uniforme.","La pasta del formaggio è tendente al rosato e di colore uniforme."
"La pasta del formaggio presenta una fascia centrale di colore più scuro.","La pasta del formaggio è di colore chiaro con lieve carico al centro."
"La pasta del formaggio è di colore diverso tra i piatti.","La pasta del formaggio è leggermente più scura ai bordi."
"La pasta del formaggio è più chiara verso la zona del piatto.","La pasta del formaggio è di colore paglierino."
"La pasta del formaggio presenta una macchia presente sullo scalzo.","La pasta del formaggio è di colore omogeneo non molto carico."
"La pasta del formaggio è di colore poco carico e omogeneo, con qualche leggerissima macchia rosata.","La pasta del formaggio presenta una zona leggermente rosata."
"La pasta del formaggio è di colore chiaro tendente al grigio.","La pasta del formaggio è di colore paglierino omogeneo, con leggeri aloni verdolini."
"La pasta del formaggio presenta un alone centrale scuro.","La pasta del formaggio è di colore leggermente carico ma uniforme."
"La pasta del formaggio è abbastanza omogenea ma di colore carico, con zona più scura verso un piatto.","La pasta del formaggio è di colore omogeneo, poco saturo."
"La pasta del formaggio presenta un alone e degradazione di intensità.","La pasta del formaggio è di colore giallo carico."
"La pasta del formaggio presenta un alone centrale scuro.","La pasta del formaggio è di colore paglierino chiaro omogeneo."
"La pasta del formaggio presenta un leggero alone e colore chiaro.","La pasta del formaggio presenta una zona più scura."
"La pasta del formaggio è di colore abbastanza chiaro con alone e zona più decisa.","La pasta del formaggio è di colore paglierino intenso e omogeneo."
"La pasta del formaggio è di colore omogeneo.","La pasta del formaggio è di colore leggermente carico ma uniforme."
"La pasta del formaggio è tendente al rosa vicino al piatto.","La pasta del formaggio è di colore omogeneo, poco saturo."
"La pasta del formaggio presenta un leggero alone arancio in prossimità della crosta.","La pasta del formaggio è di colore giallo carico."
"La pasta del formaggio è di colore tendente al chiaro.","La pasta del formaggio è di colore paglierino chiaro omogeneo."
"La pasta del formaggio è di colore giallo poco carico, con sfumatura più chiara nella parte esterna.","La pasta del formaggio presenta una zona più scura."
"La pasta del formaggio presenta qualche piccola macchia rosata su sfondo chiaro.","La pasta del formaggio è di colore paglierino intenso e omogeneo."
"La pasta del formaggio presenta un colore più scuro in centro e aloni rosati.","La pasta del formaggio presenta una macchia presente sullo scalzo."
"La pasta del formaggio presenta una macchia più scura al centro.","La pasta del formaggio presenta una zona caratterizzata da fitti puntini neri."
"La pasta del formaggio presenta una fascia centrale di colore più scuro.","La pasta del formaggio è di colore uniforme, con discolorazione nella zona vicino allo scalzo."
"La pasta del formaggio è di colore molto carico.","La pasta del formaggio presenta una grossa macchia di muffa."
"La pasta del formaggio presenta una fascia scura e fascia chiara in zone diverse.","La pasta del formaggio presenta una muffa laterale."
"La pasta del formaggio presenta una zona rosa e biancastra.","La pasta del formaggio presenta una parte di colore sporco."
"La pasta del formaggio è di colore omogeneo, non troppo carico.","La pasta del formaggio presenta un piccolo alone centrale."
"La pasta del formaggio presenta una fascia di colore più chiaro.","La pasta del formaggio è di colore bianco cipria."
"La pasta del formaggio è di colore molto carico.","La pasta del formaggio non è paglierina."
"La pasta del formaggio presenta una zona più chiara rispetto al resto.","La pasta del formaggio presenta un alone centrale rosato."
"La pasta del formaggio presenta un'area centrale rossastra.","La pasta del formaggio presenta un leggero alone."
"La pasta del formaggio è di colore chiaro tendente al grigio, uniforme con leggera sfumatura rosata al centro.","La pasta del formaggio presenta una fascia bianca e zona diffusa rosata."
"La pasta del formaggio è di colore chiaro e omogeneo.","La pasta del formaggio presenta un alone quasi bianco."
"La pasta del formaggio è di colore giallo carico tendente all'arancio e nocciola.","La pasta del formaggio presenta un alone rosa centrale."
"La pasta del formaggio presenta un alone centrale.","La pasta del formaggio presenta un alone rosa centrale."
"La pasta del formaggio è di colore leggermente carico e omogeneo.","La pasta del formaggio presenta una fascia di colore sotto crosta marrone che sfuma verso l'interno."
"La pasta del formaggio presenta macchie rosa.","La pasta del formaggio è di colore rosato salmone."
"La pasta del formaggio è biancastra nella zona sottocrosta, con aspetto disidratato.","La pasta del formaggio presenta una fascia rosa arancio nella parte centrale sotto zona più chiara."
"La pasta del formaggio è di colore giallo molto carico.","La pasta del formaggio presenta un colore più intenso e rossiccio verso uno degli scalzi."
"La pasta del formaggio è di colore giallo chiaro con sfumature grigiastre leggere.","La pasta del formaggio è di colore molto carico verso uno scalzo."
"La pasta del formaggio è disomogenea con fasce più chiare e centro quasi rosato.","La pasta del formaggio presenta un alone bianco pallido."
