row_id,image_path_flat,image_path,attribute,caption_raw,caption_norm,panelist,session_date,year_folder,session_num,bimester,view,panel_slot,panel_replicate,dairy_id,product_code,caption_pre,dedup_key,drop_reason
9,data/images_flat/2020-2021_Trentingrana__VI bimestre__27°Seduta_24-03-2021__P2_TN_305_337_B_GRANA.bmp,data/TrentinGrana/2020-2021_Trentingrana/VI bimestre/27°Seduta_24-03-2021/P2_TN_305_337_B_GRANA.bmp,Colore della Pasta,Brutta,Brutta,TG_24,2021-03-24,2020-2021_Trentingrana,27,VI,Grana,,,TN_305,C0C,Brutta,Colore della Pasta::brutta,PURE_EVAL
77,data/images_flat/2020-2021_Trentingrana__VI bimestre__27°Seduta_24-03-2021__P2_TN_305_337_A_FETTA.bmp,data/TrentinGrana/2020-2021_Trentingrana/VI bimestre/27°Seduta_24-03-2021/P2_TN_305_337_A_FETTA.bmp,Colore della Pasta,Brutta,Brutta,TG_24,2021-03-24,2020-2021_Trentingrana,27,VI,Fetta,,,TN_305,C0C,Brutta,Colore della Pasta::brutta,PURE_EVAL
125,data/images_flat/2020-2021_Trentingrana__VI bimestre__27°Seduta_24-03-2021__P2_TN_305_337_B_FETTA.bmp,data/TrentinGrana/2020-2021_Trentingrana/VI bimestre/27°Seduta_24-03-2021/P2_TN_305_337_B_FETTA.bmp,Colore della Pasta,Brutta,Brutta,TG_24,2021-03-24,2020-2021_Trentingrana,27,VI,Fetta,,,TN_305,C0C,Brutta,Colore della Pasta::brutta,PURE_EVAL
153,data/images_flat/2020-2021_Trentingrana__VI bimestre__27°Seduta_24-03-2021__P2_TN_305_337_A_GRANA.bmp,data/TrentinGrana/2020-2021_Trentingrana/VI bimestre/27°Seduta_24-03-2021/P2_TN_305_337_A_GRANA.bmp,Colore della Pasta,Brutta,Brutta,TG_24,2021-03-24,2020-2021_Trentingrana,27,VI,Grana,,,TN_305,C0C,Brutta,Colore della Pasta::brutta,PURE_EVAL
207,data/images_flat/2020-2021_Trentingrana__VI bimestre__29°Seduta_07-04-2021__P4_TN_323_124_B_GRANA.bmp,data/TrentinGrana/2020-2021_Trentingrana/VI bimestre/29°Seduta_07-04-2021/P4_TN_323_124_B_GRANA.bmp,Aroma,Al primo tentativo si e chiuso il test senza la schermata dei commenti poi sono ripartita dal 124 e ha funzionat Causa errore scelta vassoio l'ordine di valutazione è stato 851 555 795 963 124 i campioni 851 e 795 vanno Invertiti,Al primo tentativo si e chiuso il test senza la schermata dei commenti poi sono ripartita dal 124 e ha funzionat Causa errore scelta vassoio l'ordine di valutazione è stato 851 555 795 963 124 i campioni 851 e 795 vanno Invertiti,Q_09,2021-04-07,2020-2021_Trentingrana,29,VI,Grana,,,TN_323,C0N,Al primo tentativo si e chiuso il test senza la schermata dei commenti poi sono ripartita dal 124 e ha funzionat Causa errore scelta vassoio l'ordine di valutazione è stato 851 555 795 963 124 i campioni 851 e 795 vanno Invertiti,Aroma::al primo tentativo si e chiuso il test senza la schermata dei commenti poi sono ripartita dal 124 e ha funzionat causa errore scelta vassoio l'ordine di valutazione è stato 851 555 795 963 124 i campioni 851 e 795 vanno invertiti,SYSTEM_META
222,data/images_flat/2020-2021_Trentingrana__VI bimestre__29°Seduta_07-04-2021__P4_TN_323_124_A_FETTA.bmp,data/TrentinGrana/2020-2021_Trentingrana/VI bimestre/29°Seduta_07-04-2021/P4_TN_323_124_A_FETTA.bmp,Aroma,Al primo tentativo si e chiuso il test senza la schermata dei commenti poi sono ripartita dal 124 e ha funzionat Causa errore scelta vassoio l'ordine di valutazione è stato 851 555 795 963 124 i campioni 851 e 795 vanno Invertiti,Al primo tentativo si e chiuso il test senza la schermata dei commenti poi sono ripartita dal 124 e ha funzionat Causa errore scelta vassoio l'ordine di valutazione è stato 851 555 795 963 124 i campioni 851 e 795 vanno Invertiti,Q_09,2021-04-07,2020-2021_Trentingrana,29,VI,Fetta,,,TN_323,C0N,Al primo tentativo si e chiuso il test senza la schermata dei commenti poi sono ripartita dal 124 e ha funzionat Causa errore scelta vassoio l'ordine di valutazione è stato 851 555 795 963 124 i campioni 851 e 795 vanno Invertiti,Aroma::al primo tentativo si e chiuso il test senza la schermata dei commenti poi sono ripartita dal 124 e ha funzionat causa errore scelta vassoio l'ordine di valutazione è stato 851 555 795 963 124 i campioni 851 e 795 vanno invertiti,SYSTEM_META
237,data/images_flat/2020-2021_Trentingrana__VI bimestre__29°Seduta_07-04-2021__P4_TN_323_124_B_FETTA.bmp,data/TrentinGrana/2020-2021_Trentingrana/VI bimestre/29°Seduta_07-04-2021/P4_TN_323_124_B_FETTA.bmp,Aroma,Al primo tentativo si e chiuso il test senza la schermata dei commenti poi sono ripartita dal 124 e ha funzionat Causa errore scelta vassoio l'ordine di valutazione è stato 851 555 795 963 124 i campioni 851 e 795 vanno Invertiti,Al primo tentativo si e chiuso il test senza la schermata dei commenti poi sono ripartita dal 124 e ha funzionat Causa errore scelta vassoio l'ordine di valutazione è stato 851 555 795 963 124 i campioni 851 e 795 vanno Invertiti,Q_09,2021-04-07,2020-2021_Trentingrana,29,VI,Fetta,,,TN_323,C0N,Al primo tentativo si e chiuso il test senza la schermata dei commenti poi sono ripartita dal 124 e ha funzionat Causa errore scelta vassoio l'ordine di valutazione è stato 851 555 795 963 124 i campioni 851 e 795 vanno Invertiti,Aroma::al primo tentativo si e chiuso il test senza la schermata dei commenti poi sono ripartita dal 124 e ha funzionat causa errore scelta vassoio l'ordine di valutazione è stato 851 555 795 963 124 i campioni 851 e 795 vanno invertiti,SYSTEM_META
260,data/images_flat/2020-2021_Trentingrana__VI bimestre__29°Seduta_07-04-2021__P4_TN_323_124_A_GRANA.bmp,data/TrentinGrana/2020-2021_Trentingrana/VI bimestre/29°Seduta_07-04-2021/P4_TN_323_124_A_GRANA.bmp,Aroma,Al primo tentativo si e chiuso il test senza la schermata dei commenti poi sono ripartita dal 124 e ha funzionat Causa errore scelta vassoio l'ordine di valutazione è stato 851 555 795 963 124 i campioni 851 e 795 vanno Invertiti,Al primo tentativo si e chiuso il test senza la schermata dei commenti poi sono ripartita dal 124 e ha funzionat Causa errore scelta vassoio l'ordine di valutazione è stato 851 555 795 963 124 i campioni 851 e 795 vanno Invertiti,Q_09,2021-04-07,2020-2021_Trentingrana,29,VI,Grana,,,TN_323,C0N,Al primo tentativo si e chiuso il test senza la schermata dei commenti poi sono ripartita dal 124 e ha funzionat Causa errore scelta vassoio l'ordine di valutazione è stato 851 555 795 963 124 i campioni 851 e 795 vanno Invertiti,Aroma::al primo tentativo si e chiuso il test senza la schermata dei commenti poi sono ripartita dal 124 e ha funzionat causa errore scelta vassoio l'ordine di valutazione è stato 851 555 795 963 124 i campioni 851 e 795 vanno invertiti,SYSTEM_META
991,data/images_flat/2020-2021_Trentingrana__III bimestre__13°Seduta_02-12-2020__P1_TN306_159_GRANA_A.bmp,data/TrentinGrana/2020-2021_Trentingrana/III bimestre/13°Seduta_02-12-2020/P1_TN306_159_GRANA_A.bmp,Struttura della Pasta,Scarsa,Scarsa,TG_26,2020-12-02,2020-2021_Trentingrana,13,III,Grana,,,TN_306,C0D,Scarsa,Struttura della Pasta::scarsa,PURE_EVAL
1001,data/images_flat/2020-2021_Trentingrana__III bimestre__13°Seduta_02-12-2020__P1_TN306_159_GRANA_B.bmp,data/TrentinGrana/2020-2021_Trentingrana/III bimestre/13°Seduta_02-12-2020/P1_TN306_159_GRANA_B.bmp,Struttura della Pasta,Scarsa,Scarsa,TG_26,2020-12-02,2020-2021_Trentingrana,13,III,Grana,,,TN_306,C0D,Scarsa,Struttura della Pasta::scarsa,PURE_EVAL
1102,data/images_flat/2020-2021_Trentingrana__III bimestre__13°Seduta_02-12-2020__P1_TN306_159_FETTA_A.bmp,data/TrentinGrana/2020-2021_Trentingrana/III bimestre/13°Seduta_02-12-2020/P1_TN306_159_FETTA_A.bmp,Struttura della Pasta,Scarsa,Scarsa,TG_26,2020-12-02,2020-2021_Trentingrana,13,III,Fetta,,,TN_306,C0D,Scarsa,Struttura della Pasta::scarsa,PURE_EVAL
1112,data/images_flat/2020-2021_Trentingrana__III bimestre__13°Seduta_02-12-2020__P1_TN306_159_FETTA_B.bmp,data/TrentinGrana/2020-2021_Trentingrana/III bimestre/13°Seduta_02-12-2020/P1_TN306_159_FETTA_B.bmp,Struttura della Pasta,Scarsa,Scarsa,TG_26,2020-12-02,2020-2021_Trentingrana,13,III,Fetta,,,TN_306,C0D,Scarsa,Struttura della Pasta::scarsa,PURE_EVAL
1947,data/images_flat/2020-2021_Trentingrana__IV bimestre__21°Seduta_10-02-2021__P5_TN323_892_FETTA_B.bmp,data/TrentinGrana/2020-2021_Trentingrana/IV bimestre/21°Seduta_10-02-2021/P5_TN323_892_FETTA_B.bmp,Struttura della Pasta,Bella,Bella,TG_24,2021-02-10,2020-2021_Trentingrana,21,IV,Fetta,,,TN_323,C0N,Bella,Struttura della Pasta::bella,PURE_EVAL
1978,data/images_flat/2020-2021_Trentingrana__IV bimestre__21°Seduta_10-02-2021__P5_TN323_892_FETTA_A.bmp,data/TrentinGrana/2020-2021_Trentingrana/IV bimestre/21°Seduta_10-02-2021/P5_TN323_892_FETTA_A.bmp,Struttura della Pasta,Bella,Bella,TG_24,2021-02-10,2020-2021_Trentingrana,21,IV,Fetta,,,TN_323,C0N,Bella,Struttura della Pasta::bella,PURE_EVAL
2091,data/images_flat/2020-2021_Trentingrana__IV bimestre__21°Seduta_10-02-2021__P5_TN323_892_GRANA_B.bmp,data/TrentinGrana/2020-2021_Trentingrana/IV bimestre/21°Seduta_10-02-2021/P5_TN323_892_GRANA_B.bmp,Struttura della Pasta,Bella,Bella,TG_24,2021-02-10,2020-2021_Trentingrana,21,IV,Grana,,,TN_323,C0N,Bella,Struttura della Pasta::bella,PURE_EVAL
2122,data/images_flat/2020-2021_Trentingrana__IV bimestre__21°Seduta_10-02-2021__P5_TN323_892_GRANA_A.bmp,data/TrentinGrana/2020-2021_Trentingrana/IV bimestre/21°Seduta_10-02-2021/P5_TN323_892_GRANA_A.bmp,Struttura della Pasta,Bella,Bella,TG_24,2021-02-10,2020-2021_Trentingrana,21,IV,Grana,,,TN_323,C0N,Bella,Struttura della Pasta::bella,PURE_EVAL
2988,data/images_flat/2020-2021_Trentingrana__IV bimestre__21°Seduta_10-02-2021__Variazione_colore_grana_10_02_2021__P5_TN323_892_GRANA_A_2.bmp,data/TrentinGrana/2020-2021_Trentingrana/IV bimestre/21°Seduta_10-02-2021/Variazione_colore_grana_10_02_2021/P5_TN323_892_GRANA_A_2.bmp,Struttura della Pasta,Bella,Bella,TG_24,2021-02-10,2020-2021_Trentingrana,21,IV,Grana,,,TN_323,C0N,Bella,Struttura della Pasta::bella,PURE_EVAL
3032,data/images_flat/2020-2021_Trentingrana__IV bimestre__21°Seduta_10-02-2021__Variazione_colore_grana_10_02_2021__P5_TN323_892_GRANA_A_0.bmp,data/TrentinGrana/2020-2021_Trentingrana/IV bimestre/21°Seduta_10-02-2021/Variazione_colore_grana_10_02_2021/P5_TN323_892_GRANA_A_0.bmp,Struttura della Pasta,Bella,Bella,TG_24,2021-02-10,2020-2021_Trentingrana,21,IV,Grana,,,TN_323,C0N,Bella,Struttura della Pasta::bella,PURE_EVAL
3041,data/images_flat/2020-2021_Trentingrana__IV bimestre__21°Seduta_10-02-2021__Variazione_colore_grana_10_02_2021__P5_TN323_892_GRANA_A_1.bmp,data/TrentinGrana/2020-2021_Trentingrana/IV bimestre/21°Seduta_10-02-2021/Variazione_colore_grana_10_02_2021/P5_TN323_892_GRANA_A_1.bmp,Struttura della Pasta,Bella,Bella,TG_24,2021-02-10,2020-2021_Trentingrana,21,IV,Grana,,,TN_323,C0N,Bella,Struttura della Pasta::bella,PURE_EVAL
3080,data/images_flat/2020-2021_Trentingrana__IV bimestre__21°Seduta_10-02-2021__Variazione_colore_grana_10_02_2021__P5_TN323_892_GRANA_B_2.bmp,data/TrentinGrana/2020-2021_Trentingrana/IV bimestre/21°Seduta_10-02-2021/Variazione_colore_grana_10_02_2021/P5_TN323_892_GRANA_B_2.bmp,Struttura della Pasta,Bella,Bella,TG_24,2021-02-10,2020-2021_Trentingrana,21,IV,Grana,,,TN_323,C0N,Bella,Struttura della Pasta::bella,PURE_EVAL
3110,data/images_flat/2020-2021_Trentingrana__IV bimestre__21°Seduta_10-02-2021__Variazione_colore_grana_10_02_2021__P5_TN323_892_GRANA_B_1.bmp,data/TrentinGrana/2020-2021_Trentingrana/IV bimestre/21°Seduta_10-02-2021/Variazione_colore_grana_10_02_2021/P5_TN323_892_GRANA_B_1.bmp,Struttura della Pasta,Bella,Bella,TG_24,2021-02-10,2020-2021_Trentingrana,21,IV,Grana,,,TN_323,C0N,Bella,Struttura della Pasta::bella,PURE_EVAL
3133,data/images_flat/2020-2021_Trentingrana__IV bimestre__21°Seduta_10-02-2021__Variazione_colore_grana_10_02_2021__P5_TN323_892_GRANA_B_0.bmp,data/TrentinGrana/2020-2021_Trentingrana/IV bimestre/21°Seduta_10-02-2021/Variazione_colore_grana_10_02_2021/P5_TN323_892_GRANA_B_0.bmp,Struttura della Pasta,Bella,Bella,TG_24,2021-02-10,2020-2021_Trentingrana,21,IV,Grana,,,TN_323,C0N,Bella,Struttura della Pasta::bella,PURE_EVAL
3303,data/images_flat/2020-2021_Trentingrana__V bimestre__22° Seduta_17-02-2021__P4_TN326_285_GRANA_B.bmp,data/TrentinGrana/2020-2021_Trentingrana/V bimestre/22° Seduta_17-02-2021/P4_TN326_285_GRANA_B.bmp,Profumo,Ottimo,Ottimo,TG_24,2021-02-17,2020-2021_Trentingrana,22,V,Grana,,,TN_326,C0O,Ottimo,Profumo::ottimo,PURE_EVAL
3316,data/images_flat/2020-2021_Trentingrana__V bimestre__22° Seduta_17-02-2021__P4_TN326_285_GRANA_A.bmp,data/TrentinGrana/2020-2021_Trentingrana/V bimestre/22° Seduta_17-02-2021/P4_TN326_285_GRANA_A.bmp,Profumo,Ottimo,Ottimo,TG_24,2021-02-17,2020-2021_Trentingrana,22,V,Grana,,,TN_326,C0O,Ottimo,Profumo::ottimo,PURE_EVAL
3437,data/images_flat/2020-2021_Trentingrana__V bimestre__22° Seduta_17-02-2021__P4_TN326_285_FETTA_B.bmp,data/TrentinGrana/2020-2021_Trentingrana/V bimestre/22° Seduta_17-02-2021/P4_TN326_285_FETTA_B.bmp,Profumo,Ottimo,Ottimo,TG_24,2021-02-17,2020-2021_Trentingrana,22,V,Fetta,,,TN_326,C0O,Ottimo,Profumo::ottimo,PURE_EVAL
3450,data/images_flat/2020-2021_Trentingrana__V bimestre__22° Seduta_17-02-2021__P4_TN326_285_FETTA_A.bmp,data/TrentinGrana/2020-2021_Trentingrana/V bimestre/22° Seduta_17-02-2021/P4_TN326_285_FETTA_A.bmp,Profumo,Ottimo,Ottimo,TG_24,2021-02-17,2020-2021_Trentingrana,22,V,Fetta,,,TN_326,C0O,Ottimo,Profumo::ottimo,PURE_EVAL
9896,data/images_flat/2018-2019_Trentingrana__2019-02-06__P1a_302_grana.bmp,data/TrentinGrana/2018-2019_Trentingrana/2019-02-06/P1a_302_grana.bmp,Struttura della Pasta,Bella,Bella,TG_26,2019-02-06,2018-2019_Trentingrana,20,,Grana,1,a,TN_302,C0A,Bella,Struttura della Pasta::bella,PURE_EVAL
10148,data/images_flat/2018-2019_Trentingrana__2019-02-06__P1b_302_grana.bmp,data/TrentinGrana/2018-2019_Trentingrana/2019-02-06/P1b_302_grana.bmp,Struttura della Pasta,Bella,Bella,TG_26,2019-02-06,2018-2019_Trentingrana,20,,Grana,1,b,TN_302,C0A,Bella,Struttura della Pasta::bella,PURE_EVAL
10988,data/images_flat/2018-2019_Trentingrana__2019-02-06__P1a_302_fetta.bmp,data/TrentinGrana/2018-2019_Trentingrana/2019-02-06/P1a_302_fetta.bmp,Struttura della Pasta,Bella,Bella,TG_26,2019-02-06,2018-2019_Trentingrana,20,,Fetta,1,a,TN_302,C0A,Bella,Struttura della Pasta::bella,PURE_EVAL
11072,data/images_flat/2018-2019_Trentingrana__2019-02-06__P1b_302_fetta.bmp,data/TrentinGrana/2018-2019_Trentingrana/2019-02-06/P1b_302_fetta.bmp,Struttura della Pasta,Bella,Bella,TG_26,2019-02-06,2018-2019_Trentingrana,20,,Fetta,1,b,TN_302,C0A,Bella,Struttura della Pasta::bella,PURE_EVAL
22381,data/images_flat/2018-2019_Trentingrana__2018-10-10__P4a_313_fetta.bmp,data/TrentinGrana/2018-2019_Trentingrana/2018-10-10/P4a_313_fetta.bmp,Texture,buona,buona,TG_20,2018-10-10,2018-2019_Trentingrana,6,,Fetta,4,a,TN_313,C0H,buona,Texture::buona,PURE_EVAL
22472,data/images_flat/2018-2019_Trentingrana__2018-10-10__P4b_313_fetta.bmp,data/TrentinGrana/2018-2019_Trentingrana/2018-10-10/P4b_313_fetta.bmp,Texture,buona,buona,TG_20,2018-10-10,2018-2019_Trentingrana,6,,Fetta,4,b,TN_313,C0H,buona,Texture::buona,PURE_EVAL
23291,data/images_flat/2018-2019_Trentingrana__2018-10-10__P4a_313_grana.bmp,data/TrentinGrana/2018-2019_Trentingrana/2018-10-10/P4a_313_grana.bmp,Texture,buona,buona,TG_20,2018-10-10,2018-2019_Trentingrana,6,,Grana,4,a,TN_313,C0H,buona,Texture::buona,PURE_EVAL
23746,data/images_flat/2018-2019_Trentingrana__2018-10-10__P4b_313_grana.bmp,data/TrentinGrana/2018-2019_Trentingrana/2018-10-10/P4b_313_grana.bmp,Texture,buona,buona,TG_20,2018-10-10,2018-2019_Trentingrana,6,,Grana,4,b,TN_313,C0H,buona,Texture::buona,PURE_EVAL
26007,data/images_flat/2018-2019_Trentingrana__2018-10-31__P4a_311_grana.bmp,data/TrentinGrana/2018-2019_Trentingrana/2018-10-31/P4a_311_grana.bmp,Texture,scarsa,scarsa,Q_02,2018-10-31,2018-2019_Trentingrana,9,,Grana,4,a,TN_311,C0G,scarsa,Texture::scarsa,PURE_EVAL
26011,data/images_flat/2018-2019_Trentingrana__2018-10-31__P4a_311_grana.bmp,data/TrentinGrana/2018-2019_Trentingrana/2018-10-31/P4a_311_grana.bmp,Spessore della Crosta,Buono,Buono,TG_08,2018-10-31,2018-2019_Trentingrana,9,,Grana,4,a,TN_311,C0G,Buono,Spessore della Crosta::buono,PURE_EVAL
26026,data/images_flat/2018-2019_Trentingrana__2018-10-31__P4a_311_grana.bmp,data/TrentinGrana/2018-2019_Trentingrana/2018-10-31/P4a_311_grana.bmp,Struttura della Pasta,Bella,Bella,TG_19,2018-10-31,2018-2019_Trentingrana,9,,Grana,4,a,TN_311,C0G,Bella,Struttura della Pasta::bella,PURE_EVAL
26315,data/images_flat/2018-2019_Trentingrana__2018-10-31__P4b_311_grana.bmp,data/TrentinGrana/2018-2019_Trentingrana/2018-10-31/P4b_311_grana.bmp,Texture,scarsa,scarsa,Q_02,2018-10-31,2018-2019_Trentingrana,9,,Grana,4,b,TN_311,C0G,scarsa,Texture::scarsa,PURE_EVAL
26319,data/images_flat/2018-2019_Trentingrana__2018-10-31__P4b_311_grana.bmp,data/TrentinGrana/2018-2019_Trentingrana/2018-10-31/P4b_311_grana.bmp,Spessore della Crosta,Buono,Buono,TG_08,2018-10-31,2018-2019_Trentingrana,9,,Grana,4,b,TN_311,C0G,Buono,Spessore della Crosta::buono,PURE_EVAL
26334,data/images_flat/2018-2019_Trentingrana__2018-10-31__P4b_311_grana.bmp,data/TrentinGrana/2018-2019_Trentingrana/2018-10-31/P4b_311_grana.bmp,Struttura della Pasta,Bella,Bella,TG_19,2018-10-31,2018-2019_Trentingrana,9,,Grana,4,b,TN_311,C0G,Bella,Struttura della Pasta::bella,PURE_EVAL
27085,data/images_flat/2018-2019_Trentingrana__2018-10-31__P4a_311_fetta.bmp,data/TrentinGrana/2018-2019_Trentingrana/2018-10-31/P4a_311_fetta.bmp,Texture,scarsa,scarsa,Q_02,2018-10-31,2018-2019_Trentingrana,9,,Fetta,4,a,TN_311,C0G,scarsa,Texture::scarsa,PURE_EVAL
27089,data/images_flat/2018-2019_Trentingrana__2018-10-31__P4a_311_fetta.bmp,data/TrentinGrana/2018-2019_Trentingrana/2018-10-31/P4a_311_fetta.bmp,Spessore della Crosta,Buono,Buono,TG_08,2018-10-31,2018-2019_Trentingrana,9,,Fetta,4,a,TN_311,C0G,Buono,Spessore della Crosta::buono,PURE_EVAL
27104,data/images_flat/2018-2019_Trentingrana__2018-10-31__P4a_311_fetta.bmp,data/TrentinGrana/2018-2019_Trentingrana/2018-10-31/P4a_311_fetta.bmp,Struttura della Pasta,Bella,Bella,TG_19,2018-10-31,2018-2019_Trentingrana,9,,Fetta,4,a,TN_311,C0G,Bella,Struttura della Pasta::bella,PURE_EVAL
27239,data/images_flat/2018-2019_Trentingrana__2018-10-31__P4b_311_fetta.bmp,data/TrentinGrana/2018-2019_Trentingrana/2018-10-31/P4b_311_fetta.bmp,Texture,scarsa,scarsa,Q_02,2018-10-31,2018-2019_Trentingrana,9,,Fetta,4,b,TN_311,C0G,scarsa,Texture::scarsa,PURE_EVAL
27243,data/images_flat/2018-2019_Trentingrana__2018-10-31__P4b_311_fetta.bmp,data/TrentinGrana/2018-2019_Trentingrana/2018-10-31/P4b_311_fetta.bmp,Spessore della Crosta,Buono,Buono,TG_08,2018-10-31,2018-2019_Trentingrana,9,,Fetta,4,b,TN_311,C0G,Buono,Spessore della Crosta::buono,PURE_EVAL
27258,data/images_flat/2018-2019_Trentingrana__2018-10-31__P4b_311_fetta.bmp,data/TrentinGrana/2018-2019_Trentingrana/2018-10-31/P4b_311_fetta.bmp,Struttura della Pasta,Bella,Bella,TG_19,2018-10-31,2018-2019_Trentingrana,9,,Fetta,4,b,TN_311,C0G,Bella,Struttura della Pasta::bella,PURE_EVAL
32322,data/images_flat/2018-2019_Trentingrana__2018-12-05__P4a_313_fetta.bmp,data/TrentinGrana/2018-2019_Trentingrana/2018-12-05/P4a_313_fetta.bmp,Texture,"non  lo so, ho docuto sputarlo","non lo so, ho docuto sputarlo",TG_19,2018-12-05,2018-2019_Trentingrana,14,,Fetta,4,a,TN_313,C0H,"non lo so, ho docuto sputarlo",Texture::non lo so ho docuto sputarlo,SYSTEM_META
32476,data/images_flat/2018-2019_Trentingrana__2018-12-05__P4b_313_fetta.bmp,data/TrentinGrana/2018-2019_Trentingrana/2018-12-05/P4b_313_fetta.bmp,Texture,"non  lo so, ho docuto sputarlo","non lo so, ho docuto sputarlo",TG_19,2018-12-05,2018-2019_Trentingrana,14,,Fetta,4,b,TN_313,C0H,"non lo so, ho docuto sputarlo",Texture::non lo so ho docuto sputarlo,SYSTEM_META
33246,data/images_flat/2018-2019_Trentingrana__2018-12-05__P4a_313_grana.bmp,data/TrentinGrana/2018-2019_Trentingrana/2018-12-05/P4a_313_grana.bmp,Texture,"non  lo so, ho docuto sputarlo","non lo so, ho docuto sputarlo",TG_19,2018-12-05,2018-2019_Trentingrana,14,,Grana,4,a,TN_313,C0H,"non lo so, ho docuto sputarlo",Texture::non lo so ho docuto sputarlo,SYSTEM_META
33554,data/images_flat/2018-2019_Trentingrana__2018-12-05__P4b_313_grana.bmp,data/TrentinGrana/2018-2019_Trentingrana/2018-12-05/P4b_313_grana.bmp,Texture,"non  lo so, ho docuto sputarlo","non lo so, ho docuto sputarlo",TG_19,2018-12-05,2018-2019_Trentingrana,14,,Grana,4,b,TN_313,C0H,"non lo so, ho docuto sputarlo",Texture::non lo so ho docuto sputarlo,SYSTEM_META
35717,data/images_flat/2018-2019_Trentingrana__2018-09-19__P1a_302_grana.bmp,data/TrentinGrana/2018-2019_Trentingrana/2018-09-19/P1a_302_grana.bmp,Spessore della Crosta,Ok,Ok,TG_20,2018-09-19,2018-2019_Trentingrana,3,,Grana,1,a,TN_302,C0A,Ok,Spessore della Crosta::ok,PURE_EVAL
35737,data/images_flat/2018-2019_Trentingrana__2018-09-19__P1a_302_grana.bmp,data/TrentinGrana/2018-2019_Trentingrana/2018-09-19/P1a_302_grana.bmp,Colore della Pasta,Bello,Bello,TG_20,2018-09-19,2018-2019_Trentingrana,3,,Grana,1,a,TN_302,C0A,Bello,Colore della Pasta::bello,PURE_EVAL
36137,data/images_flat/2018-2019_Trentingrana__2018-09-19__P1b_302_grana.bmp,data/TrentinGrana/2018-2019_Trentingrana/2018-09-19/P1b_302_grana.bmp,Spessore della Crosta,Ok,Ok,TG_20,2018-09-19,2018-2019_Trentingrana,3,,Grana,1,b,TN_302,C0A,Ok,Spessore della Crosta::ok,PURE_EVAL
36157,data/images_flat/2018-2019_Trentingrana__2018-09-19__P1b_302_grana.bmp,data/TrentinGrana/2018-2019_Trentingrana/2018-09-19/P1b_302_grana.bmp,Colore della Pasta,Bello,Bello,TG_20,2018-09-19,2018-2019_Trentingrana,3,,Grana,1,b,TN_302,C0A,Bello,Colore della Pasta::bello,PURE_EVAL
36437,data/images_flat/2018-2019_Trentingrana__2018-09-19__P1a_302_fetta.bmp,data/TrentinGrana/2018-2019_Trentingrana/2018-09-19/P1a_302_fetta.bmp,Spessore della Crosta,Ok,Ok,TG_20,2018-09-19,2018-2019_Trentingrana,3,,Fetta,1,a,TN_302,C0A,Ok,Spessore della Crosta::ok,PURE_EVAL
36457,data/images_flat/2018-2019_Trentingrana__2018-09-19__P1a_302_fetta.bmp,data/TrentinGrana/2018-2019_Trentingrana/2018-09-19/P1a_302_fetta.bmp,Colore della Pasta,Bello,Bello,TG_20,2018-09-19,2018-2019_Trentingrana,3,,Fetta,1,a,TN_302,C0A,Bello,Colore della Pasta::bello,PURE_EVAL
36617,data/images_flat/2018-2019_Trentingrana__2018-09-19__P1b_302_fetta.bmp,data/TrentinGrana/2018-2019_Trentingrana/2018-09-19/P1b_302_fetta.bmp,Spessore della Crosta,Ok,Ok,TG_20,2018-09-19,2018-2019_Trentingrana,3,,Fetta,1,b,TN_302,C0A,Ok,Spessore della Crosta::ok,PURE_EVAL
36637,data/images_flat/2018-2019_Trentingrana__2018-09-19__P1b_302_fetta.bmp,data/TrentinGrana/2018-2019_Trentingrana/2018-09-19/P1b_302_fetta.bmp,Colore della Pasta,Bello,Bello,TG_20,2018-09-19,2018-2019_Trentingrana,3,,Fetta,1,b,TN_302,C0A,Bello,Colore della Pasta::bello,PURE_EVAL
36916,data/images_flat/2018-2019_Trentingrana__2018-09-26__P3a_306_fetta.bmp,data/TrentinGrana/2018-2019_Trentingrana/2018-09-26/P3a_306_fetta.bmp,Texture,DISCRETA,DISCRETA,TG_15,2018-09-26,2018-2019_Trentingrana,4,,Fetta,3,a,TN_306,C0D,DISCRETA,Texture::discreta,PURE_EVAL
37084,data/images_flat/2018-2019_Trentingrana__2018-09-26__P3b_306_fetta.bmp,data/TrentinGrana/2018-2019_Trentingrana/2018-09-26/P3b_306_fetta.bmp,Texture,DISCRETA,DISCRETA,TG_15,2018-09-26,2018-2019_Trentingrana,4,,Fetta,3,b,TN_306,C0D,DISCRETA,Texture::discreta,PURE_EVAL
38008,data/images_flat/2018-2019_Trentingrana__2018-09-26__P3a_306_grana.bmp,data/TrentinGrana/2018-2019_Trentingrana/2018-09-26/P3a_306_grana.bmp,Texture,DISCRETA,DISCRETA,TG_15,2018-09-26,2018-2019_Trentingrana,4,,Grana,3,a,TN_306,C0D,DISCRETA,Texture::discreta,PURE_EVAL
38176,data/images_flat/2018-2019_Trentingrana__2018-09-26__P3b_306_grana.bmp,data/TrentinGrana/2018-2019_Trentingrana/2018-09-26/P3b_306_grana.bmp,Texture,DISCRETA,DISCRETA,TG_15,2018-09-26,2018-2019_Trentingrana,4,,Grana,3,b,TN_306,C0D,DISCRETA,Texture::discreta,PURE_EVAL
44718,data/images_flat/2018-2019_Trentingrana__2018-10-24__P6a_338_fetta.bmp,data/TrentinGrana/2018-2019_Trentingrana/2018-10-24/P6a_338_fetta.bmp,Aroma,mah,mah,Q_09,2018-10-24,2018-2019_Trentingrana,8,,Fetta,6,a,TN_338,C0R,mah,Aroma::mah,PURE_EVAL
45054,data/images_flat/2018-2019_Trentingrana__2018-10-24__P6b_338_fetta.bmp,data/TrentinGrana/2018-2019_Trentingrana/2018-10-24/P6b_338_fetta.bmp,Aroma,mah,mah,Q_09,2018-10-24,2018-2019_Trentingrana,8,,Fetta,6,b,TN_338,C0R,mah,Aroma::mah,PURE_EVAL
45810,data/images_flat/2018-2019_Trentingrana__2018-10-24__P6a_338_grana.bmp,data/TrentinGrana/2018-2019_Trentingrana/2018-10-24/P6a_338_grana.bmp,Aroma,mah,mah,Q_09,2018-10-24,2018-2019_Trentingrana,8,,Grana,6,a,TN_338,C0R,mah,Aroma::mah,PURE_EVAL
45978,data/images_flat/2018-2019_Trentingrana__2018-10-24__P6b_338_grana.bmp,data/TrentinGrana/2018-2019_Trentingrana/2018-10-24/P6b_338_grana.bmp,Aroma,mah,mah,Q_09,2018-10-24,2018-2019_Trentingrana,8,,Grana,6,b,TN_338,C0R,mah,Aroma::mah,PURE_EVAL
46318,data/images_flat/2018-2019_Trentingrana__2018-08-29__P5a_319_fetta.bmp,data/TrentinGrana/2018-2019_Trentingrana/2018-08-29/P5a_319_fetta.bmp,Aroma,Scarso,Scarso,TG_04,2018-08-29,2018-2019_Trentingrana,1,,Fetta,5,a,TN_319,C0M,Scarso,Aroma::scarso,PURE_EVAL
46402,data/images_flat/2018-2019_Trentingrana__2018-08-29__P5b_319_fetta.bmp,data/TrentinGrana/2018-2019_Trentingrana/2018-08-29/P5b_319_fetta.bmp,Aroma,Scarso,Scarso,TG_04,2018-08-29,2018-2019_Trentingrana,1,,Fetta,5,b,TN_319,C0M,Scarso,Aroma::scarso,PURE_EVAL
49796,data/images_flat/2019-2020_Trentingrana__I bimestre__18-09-2019_3°Seduta__P1b_TN311_Grana.bmp,data/TrentinGrana/2019-2020_Trentingrana/I bimestre/18-09-2019_3°Seduta/P1b_TN311_Grana.bmp,Colore della Pasta,Peccato,Peccato,TG_19,2019-09-18,2019-2020_Trentingrana,3,I,Grana,1,b,TN_311,C0G,Peccato,Colore della Pasta::peccato,PURE_EVAL
49800,data/images_flat/2019-2020_Trentingrana__I bimestre__18-09-2019_3°Seduta__P1a_TN311_Fetta.bmp,data/TrentinGrana/2019-2020_Trentingrana/I bimestre/18-09-2019_3°Seduta/P1a_TN311_Fetta.bmp,Colore della Pasta,Peccato,Peccato,TG_19,2019-09-18,2019-2020_Trentingrana,3,I,Fetta,1,a,TN_311,C0G,Peccato,Colore della Pasta::peccato,PURE_EVAL
49817,data/images_flat/2019-2020_Trentingrana__I bimestre__18-09-2019_3°Seduta__P1b_TN311_Fetta.bmp,data/TrentinGrana/2019-2020_Trentingrana/I bimestre/18-09-2019_3°Seduta/P1b_TN311_Fetta.bmp,Colore della Pasta,Peccato,Peccato,TG_19,2019-09-18,2019-2020_Trentingrana,3,I,Fetta,1,b,TN_311,C0G,Peccato,Colore della Pasta::peccato,PURE_EVAL
49823,data/images_flat/2019-2020_Trentingrana__I bimestre__18-09-2019_3°Seduta__P1a_TN311_Grana.bmp,data/TrentinGrana/2019-2020_Trentingrana/I bimestre/18-09-2019_3°Seduta/P1a_TN311_Grana.bmp,Colore della Pasta,Peccato,Peccato,TG_19,2019-09-18,2019-2020_Trentingrana,3,I,Grana,1,a,TN_311,C0G,Peccato,Colore della Pasta::peccato,PURE_EVAL
51793,data/images_flat/2021-2022_Trentingrana__16° Seduta_09-02-2022__P6B_TN_338_420_FETTA.bmp,data/TrentinGrana/2021-2022_Trentingrana/16° Seduta_09-02-2022/P6B_TN_338_420_FETTA.bmp,Colore della Pasta,ValutazIone alle 13:40,ValutazIone alle 13:40,Q_09,2022-02-09,2021-2022_Trentingrana,16,III,Fetta,6,b,TN_338,C0R,ValutazIone alle 13:40,Colore della Pasta::valutazione alle 13 40,SYSTEM_META
51803,data/images_flat/2021-2022_Trentingrana__16° Seduta_09-02-2022__P6A_TN_338_420_GRANA.bmp,data/TrentinGrana/2021-2022_Trentingrana/16° Seduta_09-02-2022/P6A_TN_338_420_GRANA.bmp,Colore della Pasta,ValutazIone alle 13:40,ValutazIone alle 13:40,Q_09,2022-02-09,2021-2022_Trentingrana,16,III,Grana,6,a,TN_338,C0R,ValutazIone alle 13:40,Colore della Pasta::valutazione alle 13 40,SYSTEM_META
51822,data/images_flat/2021-2022_Trentingrana__16° Seduta_09-02-2022__P6B_TN_338_420_GRANA.bmp,data/TrentinGrana/2021-2022_Trentingrana/16° Seduta_09-02-2022/P6B_TN_338_420_GRANA.bmp,Colore della Pasta,ValutazIone alle 13:40,ValutazIone alle 13:40,Q_09,2022-02-09,2021-2022_Trentingrana,16,III,Grana,6,b,TN_338,C0R,ValutazIone alle 13:40,Colore della Pasta::valutazione alle 13 40,SYSTEM_META
51832,data/images_flat/2021-2022_Trentingrana__16° Seduta_09-02-2022__P6A_TN_338_420_FETTA.bmp,data/TrentinGrana/2021-2022_Trentingrana/16° Seduta_09-02-2022/P6A_TN_338_420_FETTA.bmp,Colore della Pasta,ValutazIone alle 13:40,ValutazIone alle 13:40,Q_09,2022-02-09,2021-2022_Trentingrana,16,III,Fetta,6,a,TN_338,C0R,ValutazIone alle 13:40,Colore della Pasta::valutazione alle 13 40,SYSTEM_META
